传奇名称,底材名称,传奇来源,判定依据,Wiki匹配,Wiki查询URL,校验日期
Voidforge,Infernal Sword,BOSS掉落,Drops from Uber Uber Elder.,传奇名+底材精确匹配,https://www.poewiki.net/wiki/Voidforge,2026-09-03
Original Sin,Amethyst Ring,BOSS掉落,"Drops from Lycia, Herald of the Scourge when 16x16px|link=|alt=The Original Scripture The Original Scripture Papyrus Relic Requires Level 64 The Herald of the Scourge drops the Original Sin Cannot have Inspiration Maximum Resolve is 1 Cannot be used with Forbidden Tomes below level 83 This item is destroyed when applied to a Sanctum Unmodifiable ""It's all here. The lie at the core of my faith. Maxarius was not the first chosen of Innocence. Maxarius was Innocence himself. ...",传奇名+底材精确匹配,https://www.poewiki.net/wiki/Original_Sin,2026-09-03
Starforge,Infernal Sword,BOSS掉落,Drops from Uber Shaper.,传奇名+底材精确匹配,https://www.poewiki.net/wiki/Starforge,2026-09-03
Mageblood,Heavy Belt,普通掉落,Wiki drop_enabled=1，且无专属来源说明,传奇名+底材精确匹配,https://www.poewiki.net/wiki/Mageblood,2026-09-03
Headhunter,Leather Belt,普通掉落,Wiki drop_enabled=1，且无专属来源说明,传奇名+底材精确匹配,https://www.poewiki.net/wiki/Headhunter,2026-09-03
Defiance of Destiny,Paua Amulet,普通掉落,Wiki drop_enabled=1，且无专属来源说明,传奇名+底材精确匹配,https://www.poewiki.net/wiki/Defiance_of_Destiny,2026-09-03
Reefbane,Fishing Rod,普通掉落,Wiki drop_enabled=1，且无专属来源说明,传奇名+底材精确匹配,https://www.poewiki.net/wiki/Reefbane,2026-09-03
Stasis Prison,Carnal Armour,其它掉落,"Can ""very rarely"" be obtained inside the Domain of Timeless Conflict as a vestigial unique item from an enshrouded unique body armour.",传奇名+底材精确匹配,https://www.poewiki.net/wiki/Stasis_Prison,2026-09-03
Replica Shroud of the Lightless,Carnal Armour,其它掉落,Replicas can be obtained from Curio Displays in the final reward rooms of any Grand Heist.,传奇名+底材精确匹配,https://www.poewiki.net/wiki/Replica_Shroud_of_the_Lightless,2026-09-03
Rakiata's Dance,Engraved Greatsword,普通掉落,Wiki drop_enabled=1，且无专属来源说明,传奇名+底材精确匹配,https://www.poewiki.net/wiki/Rakiata's_Dance,2026-09-03
The Squire,Elegant Round Shield,普通掉落,Wiki drop_enabled=1，且无专属来源说明,传奇名+底材精确匹配,https://www.poewiki.net/wiki/The_Squire,2026-09-03
Echoforge,Infernal Sword,普通掉落,Wiki drop_enabled=1，且无专属来源说明,传奇名+底材精确匹配,https://www.poewiki.net/wiki/Echoforge,2026-09-03
Replica Kongor's Undying Rage,Terror Maul,其它掉落,Replicas can be obtained from Curio Displays in the final reward rooms of any Grand Heist.,传奇名+底材精确匹配,https://www.poewiki.net/wiki/Replica_Kongor's_Undying_Rage,2026-09-03
Essentia Sanguis,Vaal Claw,普通掉落,Wiki drop_enabled=1，且无专属来源说明,传奇名+底材精确匹配,https://www.poewiki.net/wiki/Essentia_Sanguis,2026-09-03
Kingmaker,Despot Axe,其它掉落,Kingmaker is a vendor recipe item.,传奇名+底材精确匹配,https://www.poewiki.net/wiki/Kingmaker,2026-09-03
Jiquani's Potential,Imperial Staff,普通掉落,Wiki drop_enabled=1，且无专属来源说明,传奇名+底材精确匹配,https://www.poewiki.net/wiki/Jiquani's_Potential,2026-09-03
Lioneye's Glare,Imperial Bow,普通掉落,Wiki drop_enabled=1，且无专属来源说明,传奇名+底材精确匹配,https://www.poewiki.net/wiki/Lioneye's_Glare,2026-09-03
Divinarius,Imperial Skean,普通掉落,Wiki drop_enabled=1，且无专属来源说明,传奇名+底材精确匹配,https://www.poewiki.net/wiki/Divinarius,2026-09-03
Soul Taker,Siege Axe,普通掉落,Wiki drop_enabled=1，且无专属来源说明,传奇名+底材精确匹配,https://www.poewiki.net/wiki/Soul_Taker,2026-09-03
Replica Duskdawn,Maelström Staff,其它掉落,Replicas can be obtained from Curio Displays in the final reward rooms of any Grand Heist.,传奇名+底材精确匹配,https://www.poewiki.net/wiki/Replica_Duskdawn,2026-09-03
Voltaxic Rift,Spine Bow,普通掉落,Wiki drop_enabled=1，且无专属来源说明,传奇名+底材精确匹配,https://www.poewiki.net/wiki/Voltaxic_Rift,2026-09-03
Atziri's Disfavour,Vaal Axe,BOSS掉落,Only drops from Uber Atziri.,传奇名+底材精确匹配,https://www.poewiki.net/wiki/Atziri's_Disfavour,2026-09-03
Varunastra,Vaal Blade,普通掉落,Wiki drop_enabled=1，且无专属来源说明,传奇名+底材精确匹配,https://www.poewiki.net/wiki/Varunastra,2026-09-03
The Saviour,Legion Sword,BOSS掉落,Drops from Uber Sirus.,传奇名+底材精确匹配,https://www.poewiki.net/wiki/The_Saviour,2026-09-03
Bloodseeker,Hellion's Paw,普通掉落,Wiki drop_enabled=1，且无专属来源说明,传奇名+底材精确匹配,https://www.poewiki.net/wiki/Bloodseeker,2026-09-03
Replica Tukohama's Fortress,Ebony Tower Shield,其它掉落,Replicas can be obtained from Curio Displays in the final reward rooms of any Grand Heist.,传奇名+底材精确匹配,https://www.poewiki.net/wiki/Replica_Tukohama's_Fortress,2026-09-03
Bino's Kitchen Knife,Slaughter Knife,普通掉落,Wiki drop_enabled=1，且无专属来源说明,传奇名+底材精确匹配,https://www.poewiki.net/wiki/Bino's_Kitchen_Knife,2026-09-03
Marohi Erqi,Karui Maul,普通掉落,Wiki drop_enabled=1，且无专属来源说明,传奇名+底材精确匹配,https://www.poewiki.net/wiki/Marohi_Erqi,2026-09-03
The Winds of Fate,Foul Staff,BOSS掉落,"Drops from Lycia, Herald of the Scourge when 16x16px|link=|alt=The Second Sacrament The Second Sacrament Candlestick Relic Requires Level 64 The Herald of the Scourge deals 100% more Damage The Herald of the Scourge takes 75% less Damage The Herald of the Scourge drops the Winds of Fate Cannot be used with Forbidden Tomes below level 83 This item is destroyed when applied to a Sanctum Unmodifiable ""He took many of his people's traditions and gilded them, hollowed them. The...",传奇名+底材精确匹配,https://www.poewiki.net/wiki/The_Winds_of_Fate,2026-09-03
Soul Ascension,Carnal Mitts,BOSS掉落,Drops from Uber Uber Elder.,传奇名+底材精确匹配,https://www.poewiki.net/wiki/Soul_Ascension,2026-09-03
Kalandra's Touch,Ring,其它掉落,This item technically cannot be chanced as it is not possible to obtain a non-unique rarity 16x16px|link=|alt=Ring Ring 78x78px|link=|alt=|class=item-icon .,传奇名+底材精确匹配,https://www.poewiki.net/wiki/Kalandra's_Touch,2026-09-03
Hateforge,Ancient Gauntlets,BOSS掉落,Can be obtained as a boss drop from the Trialmaster in an Ultimatum encounter.,传奇名+底材精确匹配,https://www.poewiki.net/wiki/Hateforge,2026-09-03
Uul-Netol's Vow,Unset Amulet,BOSS掉落,Can drop from It That Was Tul and It That Was Esh.,传奇名+底材精确匹配,https://www.poewiki.net/wiki/Uul-Netol's_Vow,2026-09-03
Nimis,Topaz Ring,BOSS掉落,Drops from Uber Eater.,传奇名+底材精确匹配,https://www.poewiki.net/wiki/Nimis,2026-09-03
Replica Headhunter,Leather Belt,其它掉落,Replicas can be obtained from Curio Displays in the final reward rooms of any Grand Heist.,传奇名+底材精确匹配,https://www.poewiki.net/wiki/Replica_Headhunter,2026-09-03
Replica Eternity Shroud,Blood Raiment,其它掉落,Replicas can be obtained from the Curio Display in the final reward rooms of any Grand Heist.,传奇名+底材精确匹配,https://www.poewiki.net/wiki/Replica_Eternity_Shroud,2026-09-03
Ephemeral Edge,Dusk Blade,普通掉落,Wiki drop_enabled=1，且无专属来源说明,传奇名+底材精确匹配,https://www.poewiki.net/wiki/Ephemeral_Edge,2026-09-03
Yoke of Suffering,Onyx Amulet,BOSS掉落,"Drops from Nightmare of the Unbreakable in 16x16px|link=|alt=Fortress Map Fortress Map Map Tier: 17 Monster Level: 84 Modifiable only with Chaos Orbs, Vaal Orbs, Delirium Orbs and Chisels Voices. Visions. Violence. They will haunt these grounds for all of eternity. Travel to this Map by using it in a personal Map Device. Maps can only be used once. 78x78px|link=|alt=|class=item-icon .",传奇名+底材精确匹配,https://www.poewiki.net/wiki/Yoke_of_Suffering,2026-09-03
Unholy Accomplice,Cloth Belt,BOSS掉落,"Can drop from Lycia, Herald of the Scourge in the Forbidden Sanctum, Nightmare of Lycia in 16x16px|link=|alt=Sanctuary Map Sanctuary Map Map Tier: 17 Monster Level: 84 Modifiable only with Chaos Orbs, Vaal Orbs, Delirium Orbs and Chisels Voices. Visions. Violence. They will haunt these grounds for all of eternity. Travel to this Map by using it in a personal Map Device. Maps can only be used once. 78x78px|link=|alt=|class=item-icon , or from Beyond bosses.",传奇名+底材精确匹配,https://www.poewiki.net/wiki/Unholy_Accomplice,2026-09-03
Manastorm,Lacewood Spirit Shield,BOSS掉落,"Drops from Nightmare of Uhtred in 16x16px|link=|alt=Citadel Map Citadel Map Map Tier: 17 Monster Level: 84 Modifiable only with Chaos Orbs, Vaal Orbs, Delirium Orbs and Chisels Voices. Visions. Violence. They will haunt these grounds for all of eternity. Travel to this Map by using it in a personal Map Device. Maps can only be used once. 78x78px|link=|alt=|class=item-icon .",传奇名+底材精确匹配,https://www.poewiki.net/wiki/Manastorm,2026-09-03
Replica Bated Breath,Chain Belt,其它掉落,Replicas can be obtained from Curio Displays in the final reward rooms of any Grand Heist.,传奇名+底材精确匹配,https://www.poewiki.net/wiki/Replica_Bated_Breath,2026-09-03
Stranglegasp,Onyx Amulet,其它掉落,Can drop after completing a Blight encounter in a Blight-ravaged map.,传奇名+底材精确匹配,https://www.poewiki.net/wiki/Stranglegasp,2026-09-03
Eyes of the Greatwolf,Greatwolf Talisman,其它掉落,"Can drop from Spirit Beasts, or randomly obtained through the Beastcrafting recipe requiring The Black Mórrigan that creates a new Talisman.",传奇名+底材精确匹配,https://www.poewiki.net/wiki/Eyes_of_the_Greatwolf,2026-09-03
Replica Farrul's Fur,Triumphant Lamellar,其它掉落,Replicas can be obtained from Curio Displays in the final reward rooms of any Grand Heist.,传奇名+底材精确匹配,https://www.poewiki.net/wiki/Replica_Farrul's_Fur,2026-09-03
Entropic Devastation,Assassin's Mitts,BOSS掉落,Drops from Uber Shaper.,传奇名+底材精确匹配,https://www.poewiki.net/wiki/Entropic_Devastation,2026-09-03
Kitava's Feast,Void Axe,普通掉落,Wiki drop_enabled=1，且无专属来源说明,传奇名+底材精确匹配,https://www.poewiki.net/wiki/Kitava's_Feast,2026-09-03
Replica Nebulis,Void Sceptre,其它掉落,Replicas can be obtained from Curio Displays in the final reward rooms of any Grand Heist.,传奇名+底材精确匹配,https://www.poewiki.net/wiki/Replica_Nebulis,2026-09-03
Malachai's Mark,Murder Mitts,BOSS掉落,"Drops from Nightmare of the Depraved Trinity in 16x16px|link=|alt=Abomination Map Abomination Map Map Tier: 17 Monster Level: 84 Modifiable only with Chaos Orbs, Vaal Orbs, Delirium Orbs and Chisels Voices. Visions. Violence. They will haunt these grounds for all of eternity. Travel to this Map by using it in a personal Map Device. Maps can only be used once. 78x78px|link=|alt=|class=item-icon .",传奇名+底材精确匹配,https://www.poewiki.net/wiki/Malachai's_Mark,2026-09-03
Replica Windripper,Imperial Bow,其它掉落,Replicas can be obtained from Curio Displays in the final reward rooms of any Grand Heist.,传奇名+底材精确匹配,https://www.poewiki.net/wiki/Replica_Windripper,2026-09-03
Tidebreaker,Imperial Maul,普通掉落,Wiki drop_enabled=1，且无专属来源说明,传奇名+底材精确匹配,https://www.poewiki.net/wiki/Tidebreaker,2026-09-03
Annihilation's Approach,Dragonscale Boots,BOSS掉落,Drops from Uber Exarch.,传奇名+底材精确匹配,https://www.poewiki.net/wiki/Annihilation's_Approach,2026-09-03
Eternal Damnation,Agate Amulet,BOSS掉落,"Drops from Lycia, Herald of the Scourge when 16x16px|link=|alt=The Power and the Promise The Power and the Promise Tome Relic Requires Level 64 The Herald of the Scourge drops Eternal Damnation Cannot have Inspiration Cannot recover Resolve Cannot be used with Forbidden Tomes below level 80 This item is destroyed when applied to a Sanctum Unmodifiable ""Building on the fear and hatred that deified him, Innocence threatened an eternity of flames for nonbelievers. The newcome...",传奇名+底材精确匹配,https://www.poewiki.net/wiki/Eternal_Damnation,2026-09-03
Duskdawn,Maelström Staff,普通掉落,Wiki drop_enabled=1，且无专属来源说明,传奇名+底材精确匹配,https://www.poewiki.net/wiki/Duskdawn,2026-09-03
Replica Atziri's Acuity,Vaal Gauntlets,其它掉落,Replicas can be obtained from Curio Displays in the final reward rooms of any Grand Heist.,传奇名+底材精确匹配,https://www.poewiki.net/wiki/Replica_Atziri's_Acuity,2026-09-03
The Brine Crown,Prophet Crown,普通掉落,Wiki drop_enabled=1，且无专属来源说明,传奇名+底材精确匹配,https://www.poewiki.net/wiki/The_Brine_Crown,2026-09-03
Venarius' Astrolabe,Astrolabe Amulet,普通掉落,Wiki drop_enabled=1，且无专属来源说明,传奇名+底材精确匹配,https://www.poewiki.net/wiki/Venarius'_Astrolabe,2026-09-03
Garukhan's Flight,Stealth Boots,普通掉落,Wiki drop_enabled=1，且无专属来源说明,传奇名+底材精确匹配,https://www.poewiki.net/wiki/Garukhan's_Flight,2026-09-03
Tukohama's Fortress,Ebony Tower Shield,普通掉落,Wiki drop_enabled=1，且无专属来源说明,传奇名+底材精确匹配,https://www.poewiki.net/wiki/Tukohama's_Fortress,2026-09-03
Legacy of the Rose,Judgement Staff,普通掉落,Wiki drop_enabled=1，且无专属来源说明,传奇名+底材精确匹配,https://www.poewiki.net/wiki/Legacy_of_the_Rose,2026-09-03
Starcaller,Abyssal Axe,普通掉落,Wiki drop_enabled=1，且无专属来源说明,传奇名+底材精确匹配,https://www.poewiki.net/wiki/Starcaller,2026-09-03
Festering Resentment,Demon Dagger,BOSS掉落,Drops from Uber Incarnation of Neglect.,传奇名+底材精确匹配,https://www.poewiki.net/wiki/Festering_Resentment,2026-09-03
Cloak of Tawm'r Isley,Savant's Robe,其它掉落,Can be obtained randomly as an extra unique from Riker's Rank 3 reward room chest in Transportation Syndicate Hideouts.,传奇名+底材精确匹配,https://www.poewiki.net/wiki/Cloak_of_Tawm'r_Isley,2026-09-03
Wing of the Wyvern,Imperial Bow,BOSS掉落,Drops from Uber Incarnation of Fear.,传奇名+底材精确匹配,https://www.poewiki.net/wiki/Wing_of_the_Wyvern,2026-09-03
Waxen Soul,Saint's Hauberk,其它掉落,"One of two possible guaranteed rewards alongside 16x16px|link=|alt=An Audience With The King An Audience With The King On the edge of existence, he watches with ire. Open a portal to the Crux of Nothingness by using this item in a personal Map Device. Can only be used once. While viewing your Atlas, Right-click this item to pinpoint its location. 78x78px|link=|alt=|class=item-icon from Nameless Rituals, and can rarely be offered as a reward in other types of Rituals.",传奇名+底材精确匹配,https://www.poewiki.net/wiki/Waxen_Soul,2026-09-03
The Golden Charlatan,Lion Sword,BOSS掉落,Drops from Uber Incarnation of Dread.,传奇名+底材精确匹配,https://www.poewiki.net/wiki/The_Golden_Charlatan,2026-09-03
Hand of Heresy,Martyr Gloves,其它掉落,Can be obtained by taking this item from a mercenary with this item equipped after winning a duel.,传奇名+底材精确匹配,https://www.poewiki.net/wiki/Hand_of_Heresy,2026-09-03
Eclipse Solaris,Crystal Wand,其它掉落,Wiki drop_enabled!=1；不属于当前普通掉落池,按传奇名回退匹配（底材版本不同）,https://www.poewiki.net/wiki/Eclipse_Solaris,2026-09-03
Arakaali's Fang,Fiend Dagger,普通掉落,Wiki drop_enabled=1，且无专属来源说明,传奇名+底材精确匹配,https://www.poewiki.net/wiki/Arakaali's_Fang,2026-09-03
Martyr of Innocence,Highborn Staff,普通掉落,Wiki drop_enabled=1，且无专属来源说明,传奇名+底材精确匹配,https://www.poewiki.net/wiki/Martyr_of_Innocence,2026-09-03
Song of the Sirens,Fishing Rod,普通掉落,Wiki drop_enabled=1，且无专属来源说明,传奇名+底材精确匹配,https://www.poewiki.net/wiki/Song_of_the_Sirens,2026-09-03
Replica Alberon's Warpath,Soldier Boots,其它掉落,Replicas can be obtained from Curio Displays in the final reward rooms of any Grand Heist.,传奇名+底材精确匹配,https://www.poewiki.net/wiki/Replica_Alberon's_Warpath,2026-09-03
Replica Trypanon,Great Mallet,其它掉落,Replicas can be obtained from Curio Displays in the final reward rooms of any Grand Heist.,传奇名+底材精确匹配,https://www.poewiki.net/wiki/Replica_Trypanon,2026-09-03
Indigon,Hubris Circlet,BOSS掉落,Indigon can only drop from the Uber Elder in The Shaper's Realm.,传奇名+底材精确匹配,https://www.poewiki.net/wiki/Indigon,2026-09-03
Gruthkul's Pelt,Wyrmscale Doublet,普通掉落,Wiki drop_enabled=1，且无专属来源说明,传奇名+底材精确匹配,https://www.poewiki.net/wiki/Gruthkul's_Pelt,2026-09-03
Dialla's Malefaction,Sage's Robe,普通掉落,Wiki drop_enabled=1，且无专属来源说明,传奇名+底材精确匹配,https://www.poewiki.net/wiki/Dialla's_Malefaction,2026-09-03
Binds of Bloody Vengeance,Vanguard Belt,其它掉落,Can be obtained by taking this item from a mercenary with this item equipped after winning a duel.,传奇名+底材精确匹配,https://www.poewiki.net/wiki/Binds_of_Bloody_Vengeance,2026-09-03
Ralakesh's Impatience,Riveted Boots,普通掉落,Wiki drop_enabled=1，且无专属来源说明,传奇名+底材精确匹配,https://www.poewiki.net/wiki/Ralakesh's_Impatience,2026-09-03
Skyforth,Sorcerer Boots,普通掉落,Wiki drop_enabled=1，且无专属来源说明,传奇名+底材精确匹配,https://www.poewiki.net/wiki/Skyforth,2026-09-03
The Tides of Time,Vanguard Belt,BOSS掉落,Drops from Uber Shaper.,传奇名+底材精确匹配,https://www.poewiki.net/wiki/The_Tides_of_Time,2026-09-03
The Eternity Shroud,Blood Raiment,BOSS掉落,Drops from Uber Uber Elder.,传奇名+底材精确匹配,https://www.poewiki.net/wiki/The_Eternity_Shroud,2026-09-03
Wraithlord,Bone Circlet,BOSS掉落,"Drops from Nightmare of Catarina in 16x16px|link=|alt=Ziggurat Map Ziggurat Map Map Tier: 17 Monster Level: 84 Modifiable only with Chaos Orbs, Vaal Orbs, Delirium Orbs and Chisels Voices. Visions. Violence. They will haunt these grounds for all of eternity. Travel to this Map by using it in a personal Map Device. Maps can only be used once. 78x78px|link=|alt=|class=item-icon .",传奇名+底材精确匹配,https://www.poewiki.net/wiki/Wraithlord,2026-09-03
Disintegrator,Maelström Staff,BOSS掉落,Can only drop from the Uber Elder in The Shaper's Realm.,传奇名+底材精确匹配,https://www.poewiki.net/wiki/Disintegrator,2026-09-03
Replica Maloney's Mechanism,Ornate Quiver,其它掉落,Replicas can be obtained from Curio Displays in the final reward rooms of any Grand Heist.,传奇名+底材精确匹配,https://www.poewiki.net/wiki/Replica_Maloney's_Mechanism,2026-09-03
The Dark Seer,Shadow Sceptre,BOSS掉落,"Drops from Nightmare of Lycia in 16x16px|link=|alt=Sanctuary Map Sanctuary Map Map Tier: 17 Monster Level: 84 Modifiable only with Chaos Orbs, Vaal Orbs, Delirium Orbs and Chisels Voices. Visions. Violence. They will haunt these grounds for all of eternity. Travel to this Map by using it in a personal Map Device. Maps can only be used once. 78x78px|link=|alt=|class=item-icon .",传奇名+底材精确匹配,https://www.poewiki.net/wiki/The_Dark_Seer_(Life_ES),2026-09-03
Enmity's Embrace,Vermillion Ring,普通掉落,Wiki drop_enabled=1，且无专属来源说明,传奇名+底材精确匹配,https://www.poewiki.net/wiki/Enmity's_Embrace,2026-09-03
Zana's Ingenuity,Prismatic Ring,BOSS掉落,Drops from Uber Sirus.,传奇名+底材精确匹配,https://www.poewiki.net/wiki/Zana's_Ingenuity,2026-09-03
Shade of Solaris,Sage Wand,普通掉落,Wiki drop_enabled=1，且无专属来源说明,传奇名+底材精确匹配,https://www.poewiki.net/wiki/Shade_of_Solaris,2026-09-03
Servant of Decay,Torturer Garb,普通掉落,Wiki drop_enabled=1，且无专属来源说明,传奇名+底材精确匹配,https://www.poewiki.net/wiki/Servant_of_Decay,2026-09-03
Void Battery,Prophecy Wand,普通掉落,Wiki drop_enabled=1，且无专属来源说明,传奇名+底材精确匹配,https://www.poewiki.net/wiki/Void_Battery,2026-09-03
The Brass Dome,Gladiator Plate,普通掉落,Wiki drop_enabled=1，且无专属来源说明,传奇名+底材精确匹配,https://www.poewiki.net/wiki/The_Brass_Dome,2026-09-03
Light of Lunaris,Jingling Spirit Shield,普通掉落,Wiki drop_enabled=1，且无专属来源说明,传奇名+底材精确匹配,https://www.poewiki.net/wiki/Light_of_Lunaris,2026-09-03
Seven-League Step,Rawhide Boots,普通掉落,Wiki drop_enabled=1，且无专属来源说明,传奇名+底材精确匹配,https://www.poewiki.net/wiki/Seven-League_Step,2026-09-03
The Devourer of Minds,Pig-Faced Bascinet,BOSS掉落,Drops from Uber Uber Elder.,传奇名+底材精确匹配,https://www.poewiki.net/wiki/The_Devourer_of_Minds,2026-09-03
Aegis Aurora,Champion Kite Shield,普通掉落,Wiki drop_enabled=1，且无专属来源说明,传奇名+底材精确匹配,https://www.poewiki.net/wiki/Aegis_Aurora,2026-09-03
Subsume the Source,Faithful Helmet,BOSS掉落,"Drops from Zorath, Vile Assembled.",传奇名+底材精确匹配,https://www.poewiki.net/wiki/Subsume_the_Source,2026-09-03
Seven Teachings,Waxed Garb,普通掉落,Wiki drop_enabled=1，且无专属来源说明,传奇名+底材精确匹配,https://www.poewiki.net/wiki/Seven_Teachings,2026-09-03
Atziri's Splendour,Sacrificial Garb,BOSS掉落,Only drops from Uber Atziri.,传奇名+底材精确匹配,https://www.poewiki.net/wiki/Atziri's_Splendour_(Armour_and_Energy_Shield),2026-09-03
Shroud of the Lightless,Carnal Armour,普通掉落,Wiki drop_enabled=1，且无专属来源说明,传奇名+底材精确匹配,https://www.poewiki.net/wiki/Shroud_of_the_Lightless_(1_Abyssal_Socket),2026-09-03
The Dark Monarch,Lich's Circlet,普通掉落,Wiki drop_enabled=1，且无专属来源说明,传奇名+底材精确匹配,https://www.poewiki.net/wiki/The_Dark_Monarch,2026-09-03
Spinesnatch,Fleshripper,BOSS掉落,"Drops from Zorath, Vile Assembled.",传奇名+底材精确匹配,https://www.poewiki.net/wiki/Spinesnatch,2026-09-03
Windripper,Imperial Bow,普通掉落,Wiki drop_enabled=1，且无专属来源说明,传奇名+底材精确匹配,https://www.poewiki.net/wiki/Windripper,2026-09-03
Magna Eclipsis,Pinnacle Tower Shield,普通掉落,Wiki drop_enabled=1，且无专属来源说明,传奇名+底材精确匹配,https://www.poewiki.net/wiki/Magna_Eclipsis,2026-09-03
Farrul's Fur,Triumphant Lamellar,BOSS掉落,"Farrul's Fur can only drop from Farrul, First of the Plains in Farrul's Den (requires area level 80+).",传奇名+底材精确匹配,https://www.poewiki.net/wiki/Farrul's_Fur,2026-09-03
Doryani's Fist,Vaal Gauntlets,普通掉落,Wiki drop_enabled=1，且无专属来源说明,传奇名+底材精确匹配,https://www.poewiki.net/wiki/Doryani's_Fist,2026-09-03
Farrul's Chase,Slink Boots,BOSS掉落,"Farrul's Chase can only drop from Farrul, First of the Plains in Farrul's Den.",传奇名+底材精确匹配,https://www.poewiki.net/wiki/Farrul's_Chase,2026-09-03
Ryslatha's Coil,Studded Belt,普通掉落,Wiki drop_enabled=1，且无专属来源说明,传奇名+底材精确匹配,https://www.poewiki.net/wiki/Ryslatha's_Coil,2026-09-03
Cospri's Malice,Jewelled Foil,普通掉落,Wiki drop_enabled=1，且无专属来源说明,传奇名+底材精确匹配,https://www.poewiki.net/wiki/Cospri's_Malice,2026-09-03
Grace of the Goddess,Prophecy Wand,BOSS掉落,Drops from Uber Maven.,传奇名+底材精确匹配,https://www.poewiki.net/wiki/Grace_of_the_Goddess,2026-09-03
Rathpith Globe,Titanium Spirit Shield,普通掉落,Wiki drop_enabled=1，且无专属来源说明,传奇名+底材精确匹配,https://www.poewiki.net/wiki/Rathpith_Globe,2026-09-03
Doppelgänger Guise,Sadist Garb,普通掉落,Wiki drop_enabled=1，且无专属来源说明,传奇名+底材精确匹配,https://www.poewiki.net/wiki/Doppelg%C3%A4nger_Guise,2026-09-03
The Queen's Hunger,Vaal Regalia,普通掉落,Wiki drop_enabled=1，且无专属来源说明,传奇名+底材精确匹配,https://www.poewiki.net/wiki/The_Queen's_Hunger,2026-09-03
Broken Faith,Archon Kite Shield,其它掉落,"Broken Faith drops from Renegades warband member. Renegades warband can be encountered from specific prophecies, Renegade Base Azurite Mine node, from opening Renegades Cache, and from 16x16px|link=|alt=Acid Caverns Map Acid Caverns Map Map Tier: 14 Monster Level: 81 Guild Character : ÿ Travel to this Map by using it in the Templar Laboratory or a personal Map Device. Maps can only be used once. 78x78px|link=|alt=|class=item-icon .",传奇名+底材精确匹配,https://www.poewiki.net/wiki/Broken_Faith,2026-09-03
Kaom's Heart,Glorious Plate,普通掉落,Wiki drop_enabled=1，且无专属来源说明,传奇名+底材精确匹配,https://www.poewiki.net/wiki/Kaom's_Heart,2026-09-03
Prism Guardian,Archon Kite Shield,普通掉落,Wiki drop_enabled=1，且无专属来源说明,传奇名+底材精确匹配,https://www.poewiki.net/wiki/Prism_Guardian,2026-09-03
Inpulsa's Broken Heart,Sadist Garb,普通掉落,Wiki drop_enabled=1，且无专属来源说明,传奇名+底材精确匹配,https://www.poewiki.net/wiki/Inpulsa's_Broken_Heart,2026-09-03
Doryani's Delusion,Titan Greaves,BOSS掉落,Doryani's Delusion drops from The Apex Assembly in Doryani's Machinarium. It cannot be 16x16px|link=|alt=chanced Orb of Chance Stack Size: 20 Upgrades a normal item to a random rarity Right click this item then left click a normal item to apply it. 78x78px|link=|alt=|class=item-icon .；Doryani's Delusion drops from The Apex Assembly in Doryani's Machinarium. It cannot be 16x16px|link=|alt=chanced Orb of Chance Stack Size: 20 Upgrades a normal item to a random rarity Right c...,按传奇名回退匹配（底材版本不同）,https://www.poewiki.net/wiki/Doryani's_Delusion_(Armour),2026-09-03
Replica Red Trail,Titan Greaves,其它掉落,Replicas can be obtained from Curio Displays in the final reward rooms of any Grand Heist.,传奇名+底材精确匹配,https://www.poewiki.net/wiki/Replica_Red_Trail,2026-09-03
Replica Kaom's Heart,Glorious Plate,其它掉落,Replicas can be obtained from Curio Displays in the final reward rooms of any Grand Heist.,传奇名+底材精确匹配,https://www.poewiki.net/wiki/Replica_Kaom's_Heart,2026-09-03
Viridi's Veil,Praetor Crown,BOSS掉落,Drops from Uber Maven.,传奇名+底材精确匹配,https://www.poewiki.net/wiki/Viridi's_Veil,2026-09-03
The Immortal Will,Archon Kite Shield,普通掉落,Wiki drop_enabled=1，且无专属来源说明,传奇名+底材精确匹配,https://www.poewiki.net/wiki/The_Immortal_Will,2026-09-03
Azadi Crest,Lacquered Buckler,其它掉落,Can be obtained by taking this item from a mercenary with this item equipped after winning a duel.,传奇名+底材精确匹配,https://www.poewiki.net/wiki/Azadi_Crest,2026-09-03
Badge of the Brotherhood,Turquoise Amulet,普通掉落,Wiki drop_enabled=1，且无专属来源说明,传奇名+底材精确匹配,https://www.poewiki.net/wiki/Badge_of_the_Brotherhood,2026-09-03
The Hateful Accuser,Nameless Ring,其它掉落,Available as a reward from Rituals.,传奇名+底材精确匹配,https://www.poewiki.net/wiki/The_Hateful_Accuser,2026-09-03
Coiling Whisper,Amethyst Ring,BOSS掉落,Drops from Uber Incarnation of Fear.,传奇名+底材精确匹配,https://www.poewiki.net/wiki/Coiling_Whisper,2026-09-03
Sporeguard,Saint's Hauberk,其它掉落,Can drop after completing a Blight encounter in a Blighted map.,传奇名+底材精确匹配,https://www.poewiki.net/wiki/Sporeguard,2026-09-03
Doryani's Prototype,Saint's Hauberk,普通掉落,Wiki drop_enabled=1，且无专属来源说明,传奇名+底材精确匹配,https://www.poewiki.net/wiki/Doryani's_Prototype,2026-09-03
Thunderfist,Murder Mitts,普通掉落,Wiki drop_enabled=1，且无专属来源说明,传奇名+底材精确匹配,https://www.poewiki.net/wiki/Thunderfist,2026-09-03
Heretic's Veil,Deicide Mask,普通掉落,Wiki drop_enabled=1，且无专属来源说明,传奇名+底材精确匹配,https://www.poewiki.net/wiki/Heretic's_Veil,2026-09-03
Machina Mitts,Murder Mitts,普通掉落,Wiki drop_enabled=1，且无专属来源说明,传奇名+底材精确匹配,https://www.poewiki.net/wiki/Machina_Mitts,2026-09-03
Steppan Eard,Sorcerer Boots,其它掉落,"Steppan Eard drops from any Renegades warband. Renegades warband can be encountered from specific prophecies, Renegade Base Azurite Mine node, from opening Renegades Cache, and from 16x16px|link=|alt=Acid Caverns Map Acid Caverns Map Map Tier: 14 Monster Level: 81 Guild Character : ÿ Travel to this Map by using it in the Templar Laboratory or a personal Map Device. Maps can only be used once. 78x78px|link=|alt=|class=item-icon .",传奇名+底材精确匹配,https://www.poewiki.net/wiki/Steppan_Eard,2026-09-03
Betrayal's Sting,Steel Ring,普通掉落,Wiki drop_enabled=1，且无专属来源说明,传奇名+底材精确匹配,https://www.poewiki.net/wiki/Betrayal's_Sting,2026-09-03
The Yielding Mortality,Imperial Staff,普通掉落,Wiki drop_enabled=1，且无专属来源说明,传奇名+底材精确匹配,https://www.poewiki.net/wiki/The_Yielding_Mortality,2026-09-03
Paradoxica,Vaal Rapier,其它掉落,Drops from executed Safehouse leaders in Intervention Safehouses. Only obtainable from Safehouses of area level 78 or higher.,传奇名+底材精确匹配,https://www.poewiki.net/wiki/Paradoxica,2026-09-03
Replica Allure,Vaal Claw,其它掉落,Replicas can be obtained from Curio Displays in the final reward rooms of any Grand Heist.,传奇名+底材精确匹配,https://www.poewiki.net/wiki/Replica_Allure,2026-09-03
Replica Paradoxica,Vaal Rapier,其它掉落,Replicas can be obtained from Curio Displays in the final reward rooms of any Grand Heist.,传奇名+底材精确匹配,https://www.poewiki.net/wiki/Replica_Paradoxica,2026-09-03
Rigwald's Hunt,General's Brigandine,普通掉落,Wiki drop_enabled=1，且无专属来源说明,传奇名+底材精确匹配,https://www.poewiki.net/wiki/Rigwald's_Hunt,2026-09-03
Rigwald's Quills,Two-Point Arrow Quiver,普通掉落,Wiki drop_enabled=1，且无专属来源说明,传奇名+底材精确匹配,https://www.poewiki.net/wiki/Rigwald's_Quills,2026-09-03
Replica Perfect Form,Zodiac Leather,其它掉落,Replicas can be obtained from Curio Displays in the final reward rooms of any Grand Heist.,传奇名+底材精确匹配,https://www.poewiki.net/wiki/Replica_Perfect_Form,2026-09-03
Hyrri's Ire,Zodiac Leather,普通掉落,Wiki drop_enabled=1，且无专属来源说明,传奇名+底材精确匹配,https://www.poewiki.net/wiki/Hyrri's_Ire,2026-09-03
Doedre's Skin,Widowsilk Robe,普通掉落,Wiki drop_enabled=1，且无专属来源说明,传奇名+底材精确匹配,https://www.poewiki.net/wiki/Doedre's_Skin,2026-09-03
Replica Hyrri's Ire,Zodiac Leather,其它掉落,Replicas can be obtained from the Curio Display in the final reward rooms of any Grand Heist.,传奇名+底材精确匹配,https://www.poewiki.net/wiki/Replica_Hyrri's_Ire,2026-09-03
Yaomac's Accord,Vaal Sceptre,BOSS掉落,Can be obtained as a boss drop from the Trialmaster in an Ultimatum encounter.,传奇名+底材精确匹配,https://www.poewiki.net/wiki/Yaomac's_Accord,2026-09-03
Replica Loreweave,Elegant Ringmail,其它掉落,Replicas can be obtained from Curio Displays in the final reward rooms of any Grand Heist.,传奇名+底材精确匹配,https://www.poewiki.net/wiki/Replica_Loreweave,2026-09-03
The Surrender,Ezomyte Tower Shield,其它掉落,"Can be obtained from the Genesis Tree using an Ancient Wombgift, Grasping Coffers in Hive Fortresses or Hive Colony, or as a random drop from It That Was Esh and It That Was Tul.",传奇名+底材精确匹配,https://www.poewiki.net/wiki/The_Surrender,2026-09-03
Loreweave,Elegant Ringmail,其它掉落,This item can be acquired by vendoring 60x Unique Rings .,传奇名+底材精确匹配,https://www.poewiki.net/wiki/Loreweave,2026-09-03
Warrior's Legacy,Ruby Ring,普通掉落,Wiki drop_enabled=1，且无专属来源说明,传奇名+底材精确匹配,https://www.poewiki.net/wiki/Warrior's_Legacy,2026-09-03
Astral Projector,Topaz Ring,普通掉落,Wiki drop_enabled=1，且无专属来源说明,传奇名+底材精确匹配,https://www.poewiki.net/wiki/Astral_Projector,2026-09-03
The Arkhon's Tools,Cloth Belt,普通掉落,Wiki drop_enabled=1，且无专属来源说明,传奇名+底材精确匹配,https://www.poewiki.net/wiki/The_Arkhon's_Tools,2026-09-03
Replica Stampede,Assassin's Boots,其它掉落,Replicas can be obtained from Curio Displays in the final reward rooms of any Grand Heist.,传奇名+底材精确匹配,https://www.poewiki.net/wiki/Replica_Stampede,2026-09-03
Whispers of Infinity,Seaglass Amulet,BOSS掉落,Drops from Uber Incarnation of Dread.,传奇名+底材精确匹配,https://www.poewiki.net/wiki/Whispers_of_Infinity,2026-09-03
Darkscorn,Assassin Bow,普通掉落,Wiki drop_enabled=1，且无专属来源说明,传奇名+底材精确匹配,https://www.poewiki.net/wiki/Darkscorn,2026-09-03
Arborix,Assassin Bow,普通掉落,Wiki drop_enabled=1，且无专属来源说明,传奇名+底材精确匹配,https://www.poewiki.net/wiki/Arborix,2026-09-03
Replica Tulfall,Opal Wand,其它掉落,Replicas can be obtained from Curio Displays in the final reward rooms of any Grand Heist.,传奇名+底材精确匹配,https://www.poewiki.net/wiki/Replica_Tulfall,2026-09-03
Replica Cold Iron Point,Ezomyte Dagger,其它掉落,Replicas can be obtained from Curio Displays in the final reward rooms of any Grand Heist.,传奇名+底材精确匹配,https://www.poewiki.net/wiki/Replica_Cold_Iron_Point,2026-09-03
The Surging Thoughts,Legion Sword,普通掉落,Wiki drop_enabled=1，且无专属来源说明,传奇名+底材精确匹配,https://www.poewiki.net/wiki/The_Surging_Thoughts,2026-09-03
The Admiral,Varnished Coat,BOSS掉落,"The Admiral drops from Admiral Darnaw, the boss of 16x16px|link=|alt=Contract: Death to Darnaw Contract: Death to Darnaw Naval Contract Client: Faustus Heist Target: Kill Admiral Darnaw Area Level: 82 Requires Counter-Thaumaturgy (Level 4 ) ""If Admiral Darnaw is stupid enough to send orders to his fleet members and not expect us to steal them, then he deserves what's coming to him!"" Give this Contract to Adiyah in the Rogue Harbour to embark on the Heist. 78x78px|link=|alt...",传奇名+底材精确匹配,https://www.poewiki.net/wiki/The_Admiral,2026-09-03
Kintsugi,Exquisite Leather,普通掉落,Wiki drop_enabled=1，且无专属来源说明,传奇名+底材精确匹配,https://www.poewiki.net/wiki/Kintsugi,2026-09-03
Apep's Supremacy,Vaal Spirit Shield,普通掉落,Wiki drop_enabled=1，且无专属来源说明,传奇名+底材精确匹配,https://www.poewiki.net/wiki/Apep's_Supremacy,2026-09-03
Shavronne's Wrappings,Occultist's Vestment,普通掉落,Wiki drop_enabled=1，且无专属来源说明,传奇名+底材精确匹配,https://www.poewiki.net/wiki/Shavronne's_Wrappings,2026-09-03
Spinehail,Vile Arrow Quiver,普通掉落,Wiki drop_enabled=1，且无专属来源说明,传奇名+底材精确匹配,https://www.poewiki.net/wiki/Spinehail,2026-09-03
Abberath's Hooves,Goathide Boots,普通掉落,Wiki drop_enabled=1，且无专属来源说明,传奇名+底材精确匹配,https://www.poewiki.net/wiki/Abberath's_Hooves,2026-09-03
Mjölner,Gavel,普通掉落,Wiki drop_enabled=1，且无专属来源说明,传奇名+底材精确匹配,https://www.poewiki.net/wiki/Mj%C3%B6lner,2026-09-03
Replica Abyssus,Ezomyte Burgonet,其它掉落,Replicas can be obtained from Curio Displays in the final reward rooms of any Grand Heist.,传奇名+底材精确匹配,https://www.poewiki.net/wiki/Replica_Abyssus,2026-09-03
Replica Mistwall,Lacquered Buckler,其它掉落,Replicas can be obtained from Curio Displays in the final reward rooms of any Grand Heist.,传奇名+底材精确匹配,https://www.poewiki.net/wiki/Replica_Mistwall,2026-09-03
The Iron Fortress,Crusader Plate,普通掉落,Wiki drop_enabled=1，且无专属来源说明,传奇名+底材精确匹配,https://www.poewiki.net/wiki/The_Iron_Fortress_(fated),2026-09-03
Iron Heart,Crusader Plate,其它掉落,Wiki 当前名称/底材数据无匹配；按永久区遗留或非当前自然掉落处理,Wiki当前数据无匹配,https://www.poewiki.net/wiki/Special:Search?search=Iron%20Heart,2026-09-03
Fleshcrafter,Necromancer Silks,普通掉落,Wiki drop_enabled=1，且无专属来源说明,传奇名+底材精确匹配,https://www.poewiki.net/wiki/Fleshcrafter,2026-09-03
Gravebind,Hydrascale Gauntlets,普通掉落,Wiki drop_enabled=1，且无专属来源说明,传奇名+底材精确匹配,https://www.poewiki.net/wiki/Gravebind,2026-09-03
Farrul's Pounce,Hydrascale Gauntlets,BOSS掉落,"Farrul's Pounce can only drop from Farrul, First of the Plains.",传奇名+底材精确匹配,https://www.poewiki.net/wiki/Farrul's_Pounce,2026-09-03
Shavronne's Revelation,Moonstone Ring,普通掉落,Wiki drop_enabled=1，且无专属来源说明,传奇名+底材精确匹配,https://www.poewiki.net/wiki/Shavronne's_Revelation,2026-09-03
Voll's Devotion,Agate Amulet,普通掉落,Wiki drop_enabled=1，且无专属来源说明,传奇名+底材精确匹配,https://www.poewiki.net/wiki/Voll's_Devotion,2026-09-03
Screams of the Desiccated,Leather Belt,其它掉落,"Drops from Saresh, of the Weeping Black.",传奇名+底材精确匹配,https://www.poewiki.net/wiki/Screams_of_the_Desiccated_(1_shrine),2026-09-03
The Sands of Time,Tyrant's Sekhem,其它掉落,"Drops from Saresh, of the Weeping Black.",传奇名+底材精确匹配,https://www.poewiki.net/wiki/The_Sands_of_Time,2026-09-03
Kaom's Primacy,Karui Chopper,普通掉落,Wiki drop_enabled=1，且无专属来源说明,传奇名+底材精确匹配,https://www.poewiki.net/wiki/Kaom's_Primacy,2026-09-03
Crown of the Tyrant,Magistrate Crown,BOSS掉落,"Aul, the Crystal King is the rarest boss among the bosses in the Azurite Mine. Players reported that they found the boss in 200+ depths digging horizontally.",传奇名+底材精确匹配,https://www.poewiki.net/wiki/Crown_of_the_Tyrant,2026-09-03
Crest of Desire,Fluted Bascinet,其它掉落,Crest of Desire can be obtained from Curio Displays in the final reward rooms of any Grand Heist.,传奇名+底材精确匹配,https://www.poewiki.net/wiki/Crest_of_Desire,2026-09-03
Lost Unity,Formless Ring,其它掉落,Obtained from a vendor recipe using 5 different unique Breach rings.,传奇名+底材精确匹配,https://www.poewiki.net/wiki/Lost_Unity,2026-09-03
Offering to the Serpent,Legion Gloves,普通掉落,Wiki drop_enabled=1，且无专属来源说明,传奇名+底材精确匹配,https://www.poewiki.net/wiki/Offering_to_the_Serpent_(Fractured),2026-09-03
Farrul's Bite,Harlequin Mask,BOSS掉落,"Farrul's Bite can only drop from Farrul, First of the Plains in Farrul's Den.",传奇名+底材精确匹配,https://www.poewiki.net/wiki/Farrul's_Bite,2026-09-03
Maloney's Mechanism,Ornate Quiver,普通掉落,Wiki drop_enabled=1，且无专属来源说明,传奇名+底材精确匹配,https://www.poewiki.net/wiki/Maloney's_Mechanism,2026-09-03
Replica Maata's Teaching,Karui Sceptre,其它掉落,Replicas can be obtained from Curio Displays in the final reward rooms of any Grand Heist.,传奇名+底材精确匹配,https://www.poewiki.net/wiki/Replica_Maata's_Teaching,2026-09-03
Maata's Teaching,Karui Sceptre,普通掉落,Wiki drop_enabled=1，且无专属来源说明,传奇名+底材精确匹配,https://www.poewiki.net/wiki/Maata's_Teaching,2026-09-03
Garb of the Ephemeral,Savant's Robe,BOSS掉落,Drops from Venarius during Synthesis league.,传奇名+底材精确匹配,https://www.poewiki.net/wiki/Garb_of_the_Ephemeral_(Fractured),2026-09-03
The Fourth Vow,Devout Chainmail,普通掉落,Wiki drop_enabled=1，且无专属来源说明,传奇名+底材精确匹配,https://www.poewiki.net/wiki/The_Fourth_Vow,2026-09-03
Corpsewalker,Carnal Boots,普通掉落,Wiki drop_enabled=1，且无专属来源说明,传奇名+底材精确匹配,https://www.poewiki.net/wiki/Corpsewalker,2026-09-03
The Bandit Lord's Band,Gold Ring,普通掉落,Wiki drop_enabled=1，且无专属来源说明,传奇名+底材精确匹配,https://www.poewiki.net/wiki/The_Bandit_Lord's_Band,2026-09-03
Sandstorm Visage,Necromancer Circlet,BOSS掉落,"Drops from Lycia, Herald of the Scourge when 16x16px|link=|alt=The Chains of Castigation The Chains of Castigation Processional Relic Requires Level 64 The Herald of the Scourge drops Sandstorm Visage Rooms are unknown on the Sanctum Map Cannot be used with Forbidden Tomes below level 75 This item is destroyed when applied to a Sanctum Unmodifiable ""The mysterious traveller saw the vilified brother chained to a cliff, where all could point and shout and deride him. In one ...",传奇名+底材精确匹配,https://www.poewiki.net/wiki/Sandstorm_Visage,2026-09-03
Atziri's Reflection,Golden Buckler,BOSS掉落,Only drops from Uber Atziri.,传奇名+底材精确匹配,https://www.poewiki.net/wiki/Atziri's_Reflection,2026-09-03
Qotra's Regulator,Sovereign Spiked Shield,其它掉落,Exclusive as a reward from Rituals.,传奇名+底材精确匹配,https://www.poewiki.net/wiki/Qotra's_Regulator,2026-09-03
The Devouring Diadem,Necromancer Circlet,普通掉落,Wiki drop_enabled=1，且无专属来源说明,传奇名+底材精确匹配,https://www.poewiki.net/wiki/The_Devouring_Diadem,2026-09-03
The Tempest Rising,Goliath Greaves,BOSS掉落,Drops from Uber Sirus.,传奇名+底材精确匹配,https://www.poewiki.net/wiki/The_Tempest_Rising,2026-09-03
The Celestial Brace,Goliath Gauntlets,BOSS掉落,Drops from Uber Exarch.,传奇名+底材精确匹配,https://www.poewiki.net/wiki/The_Celestial_Brace,2026-09-03
Utula's Hunger,Majestic Plate,普通掉落,Wiki drop_enabled=1，且无专属来源说明,传奇名+底材精确匹配,https://www.poewiki.net/wiki/Utula's_Hunger,2026-09-03
Cloak of Defiance,Lacquered Garb,普通掉落,Wiki drop_enabled=1，且无专属来源说明,传奇名+底材精确匹配,https://www.poewiki.net/wiki/Cloak_of_Defiance,2026-09-03
Zerphi's Heart,Paua Amulet,普通掉落,Wiki drop_enabled=1，且无专属来源说明,传奇名+底材精确匹配,https://www.poewiki.net/wiki/Zerphi's_Heart,2026-09-03
Svalinn,Girded Tower Shield,普通掉落,Wiki drop_enabled=1，且无专属来源说明,传奇名+底材精确匹配,https://www.poewiki.net/wiki/Svalinn,2026-09-03
Replica Frostbreath,Ornate Mace,其它掉落,Replicas can be obtained from Curio Displays in the final reward rooms of any Grand Heist.,传奇名+底材精确匹配,https://www.poewiki.net/wiki/Replica_Frostbreath,2026-09-03
Hand of the Lords,Carnal Mitts,普通掉落,Wiki drop_enabled=1，且无专属来源说明,传奇名+底材精确匹配,https://www.poewiki.net/wiki/Hand_of_the_Lords,2026-09-03
The Covenant,Spidersilk Robe,普通掉落,Wiki drop_enabled=1，且无专属来源说明,传奇名+底材精确匹配,https://www.poewiki.net/wiki/The_Covenant,2026-09-03
Replica Covenant,Spidersilk Robe,其它掉落,Replicas can be obtained from Curio Displays in the final reward rooms of any Grand Heist.,传奇名+底材精确匹配,https://www.poewiki.net/wiki/Replica_Covenant,2026-09-03
Anathema,Moonstone Ring,普通掉落,Wiki drop_enabled=1，且无专属来源说明,传奇名+底材精确匹配,https://www.poewiki.net/wiki/Anathema,2026-09-03
Hopeshredder,Ranger Bow,普通掉落,Wiki drop_enabled=1，且无专属来源说明,传奇名+底材精确匹配,https://www.poewiki.net/wiki/Hopeshredder,2026-09-03
Shimmeron,Tornado Wand,普通掉落,Wiki drop_enabled=1，且无专属来源说明,传奇名+底材精确匹配,https://www.poewiki.net/wiki/Shimmeron,2026-09-03
Nebuloch,Nightmare Mace,普通掉落,Wiki drop_enabled=1，且无专属来源说明,传奇名+底材精确匹配,https://www.poewiki.net/wiki/Nebuloch,2026-09-03
Winds of Change,Ancient Gauntlets,其它掉落,This item can only drop in the Lord's Labyrinth.,传奇名+底材精确匹配,https://www.poewiki.net/wiki/Winds_of_Change,2026-09-03
Emperor's Vigilance,Steel Kite Shield,普通掉落,Wiki drop_enabled=1，且无专属来源说明,传奇名+底材精确匹配,https://www.poewiki.net/wiki/Emperor's_Vigilance,2026-09-03
Mahuxotl's Machination,Steel Kite Shield,BOSS掉落,Can be obtained as a boss drop from the Trialmaster in an Ultimatum encounter.,传奇名+底材精确匹配,https://www.poewiki.net/wiki/Mahuxotl's_Machination,2026-09-03
Impresence,Onyx Amulet,BOSS掉落,Can only drop from Uber Uber Elder.,传奇名+底材精确匹配,https://www.poewiki.net/wiki/Impresence_(Chaos),2026-09-03
Abhorrent Interrogation,Ambush Mitts,普通掉落,Wiki drop_enabled=1，且无专属来源说明,传奇名+底材精确匹配,https://www.poewiki.net/wiki/Abhorrent_Interrogation,2026-09-03
The Tempest's Liberation,Callous Mask,普通掉落,Wiki drop_enabled=1，且无专属来源说明,传奇名+底材精确匹配,https://www.poewiki.net/wiki/The_Tempest's_Liberation,2026-09-03
Perfidy,Glorious Plate,普通掉落,Wiki drop_enabled=1，且无专属来源说明,传奇名+底材精确匹配,https://www.poewiki.net/wiki/Perfidy,2026-09-03
Ravenous Passion,Zealot Helmet,BOSS掉落,Drops from Uber Eater.,传奇名+底材精确匹配,https://www.poewiki.net/wiki/Ravenous_Passion,2026-09-03
Mystic Refractor,Pagan Wand,普通掉落,Wiki drop_enabled=1，且无专属来源说明,传奇名+底材精确匹配,https://www.poewiki.net/wiki/Mystic_Refractor,2026-09-03
Mark of the Shaper,Opal Ring,BOSS掉落,Mark of the Shaper can only drop from the Uber Elder in The Shaper's Realm.,传奇名+底材精确匹配,https://www.poewiki.net/wiki/Mark_of_the_Shaper,2026-09-03
Mark of the Elder,Steel Ring,BOSS掉落,Mark of the Elder can only drop from the Uber Elder in The Shaper's Realm.,传奇名+底材精确匹配,https://www.poewiki.net/wiki/Mark_of_the_Elder,2026-09-03
Hand of the Fervent,Zealot Gloves,其它掉落,Exclusive as a reward from Rituals.,传奇名+底材精确匹配,https://www.poewiki.net/wiki/Hand_of_the_Fervent,2026-09-03
Assailum,Sinner Tricorne,普通掉落,Wiki drop_enabled=1，且无专属来源说明,传奇名+底材精确匹配,https://www.poewiki.net/wiki/Assailum,2026-09-03
Replica Voidwalker,Murder Boots,其它掉落,Replicas can be obtained from Curio Displays in the final reward rooms of any Grand Heist.,传奇名+底材精确匹配,https://www.poewiki.net/wiki/Replica_Voidwalker,2026-09-03
Voidwalker,Murder Boots,普通掉落,Wiki drop_enabled=1，且无专属来源说明,传奇名+底材精确匹配,https://www.poewiki.net/wiki/Voidwalker,2026-09-03
Blasphemer's Grasp,Assassin's Mitts,普通掉落,Wiki drop_enabled=1，且无专属来源说明,传奇名+底材精确匹配,https://www.poewiki.net/wiki/Blasphemer's_Grasp,2026-09-03
Voidfletcher,Primal Arrow Quiver,BOSS掉落,Can only drop from the Uber Elder in The Shaper's Realm.,按传奇名回退匹配（底材版本不同）,https://www.poewiki.net/wiki/Voidfletcher,2026-09-03
Refuge in Isolation,Paladin Crown,BOSS掉落,Drops from Uber Incarnation of Neglect.,传奇名+底材精确匹配,https://www.poewiki.net/wiki/Refuge_in_Isolation,2026-09-03
Polaric Devastation,Opal Ring,普通掉落,Wiki drop_enabled=1，且无专属来源说明,传奇名+底材精确匹配,https://www.poewiki.net/wiki/Polaric_Devastation,2026-09-03
Replica Midnight Bargain,Calling Wand,其它掉落,Replicas can be obtained from Curio Displays in the final reward rooms of any Grand Heist.,传奇名+底材精确匹配,https://www.poewiki.net/wiki/Replica_Midnight_Bargain,2026-09-03
Razor of the Seventh Sun,Midnight Blade,普通掉落,Wiki drop_enabled=1，且无专属来源说明,传奇名+底材精确匹配,https://www.poewiki.net/wiki/Razor_of_the_Seventh_Sun,2026-09-03
Brain Rattler,Meatgrinder,普通掉落,Wiki drop_enabled=1，且无专属来源说明,传奇名+底材精确匹配,https://www.poewiki.net/wiki/Brain_Rattler,2026-09-03
The Scourge,Terror Claw,普通掉落,Wiki drop_enabled=1，且无专属来源说明,传奇名+底材精确匹配,https://www.poewiki.net/wiki/The_Scourge,2026-09-03
Grelwood Shank,Eternal Sword,普通掉落,Wiki drop_enabled=1，且无专属来源说明,传奇名+底材精确匹配,https://www.poewiki.net/wiki/Grelwood_Shank,2026-09-03
Augyre,Void Sceptre,普通掉落,Wiki drop_enabled=1，且无专属来源说明,传奇名+底材精确匹配,https://www.poewiki.net/wiki/Augyre,2026-09-03
Beltimber Blade,Eternal Sword,普通掉落,Wiki drop_enabled=1，且无专属来源说明,传奇名+底材精确匹配,https://www.poewiki.net/wiki/Beltimber_Blade,2026-09-03
Vulconus,Demon Dagger,普通掉落,Wiki drop_enabled=1，且无专属来源说明,传奇名+底材精确匹配,https://www.poewiki.net/wiki/Vulconus,2026-09-03
Memory Vault,Praetor Crown,普通掉落,Wiki drop_enabled=1，且无专属来源说明,传奇名+底材精确匹配,https://www.poewiki.net/wiki/Memory_Vault,2026-09-03
Shaper's Touch,Crusader Gloves,普通掉落,Wiki drop_enabled=1，且无专属来源说明,传奇名+底材精确匹配,https://www.poewiki.net/wiki/Shaper's_Touch,2026-09-03
Echoes of Creation,Royal Burgonet,BOSS掉落,Drops from Uber Shaper.,传奇名+底材精确匹配,https://www.poewiki.net/wiki/Echoes_of_Creation,2026-09-03
The Gull,Raven Mask,普通掉落,Wiki drop_enabled=1，且无专属来源说明,传奇名+底材精确匹配,https://www.poewiki.net/wiki/The_Gull,2026-09-03
Maligaro's Virtuosity,Deerskin Gloves,普通掉落,Wiki drop_enabled=1，且无专属来源说明,传奇名+底材精确匹配,https://www.poewiki.net/wiki/Maligaro's_Virtuosity,2026-09-03
Asenath's Gentle Touch,Silk Gloves,普通掉落,Wiki drop_enabled=1，且无专属来源说明,传奇名+底材精确匹配,https://www.poewiki.net/wiki/Asenath's_Gentle_Touch,2026-09-03
Beacon of Madness,Two-Toned Boots,普通掉落,Wiki drop_enabled=1，且无专属来源说明,传奇名+底材精确匹配,https://www.poewiki.net/wiki/Beacon_of_Madness_(Cold_and_Lightning_Resistance),2026-09-03
Doon Cuebiyari,Vaal Sceptre,普通掉落,Wiki drop_enabled=1，且无专属来源说明,传奇名+底材精确匹配,https://www.poewiki.net/wiki/Doon_Cuebiyari,2026-09-03
Death's Door,Crusader Boots,其它掉落,Death's Door can only drop in the Eternal Labyrinth.,传奇名+底材精确匹配,https://www.poewiki.net/wiki/Death's_Door,2026-09-03
The Hallowed Monarch,Faithful Helmet,BOSS掉落,Drops from Uber Incarnation of Dread.,传奇名+底材精确匹配,https://www.poewiki.net/wiki/The_Hallowed_Monarch,2026-09-03
The Ivory Tower,Saint's Hauberk,普通掉落,Wiki drop_enabled=1，且无专属来源说明,传奇名+底材精确匹配,https://www.poewiki.net/wiki/The_Ivory_Tower,2026-09-03
Maw of Mischief,Bone Helmet,其它掉落,"Can be obtained by turning in a set of 16x16px|link=|alt=Cursed Words link=|alt= Cursed Words File:Cursed Words card art.png 13 16x16px|link=|alt=Maw of Mischief 78x78px|link=|alt=|class=item-icon If you look hard enough for hidden meaning, you will find it. 78x78px|link=|alt=|class=item-icon .",传奇名+底材精确匹配,https://www.poewiki.net/wiki/Maw_of_Mischief,2026-09-03
Galesight,Solaris Circlet,普通掉落,Wiki drop_enabled=1，且无专属来源说明,传奇名+底材精确匹配,https://www.poewiki.net/wiki/Galesight,2026-09-03
Flamesight,Solaris Circlet,普通掉落,Wiki drop_enabled=1，且无专属来源说明,传奇名+底材精确匹配,https://www.poewiki.net/wiki/Flamesight,2026-09-03
Thundersight,Solaris Circlet,普通掉落,Wiki drop_enabled=1，且无专属来源说明,传奇名+底材精确匹配,https://www.poewiki.net/wiki/Thundersight,2026-09-03
Mistwall,Lacquered Buckler,普通掉落,Wiki drop_enabled=1，且无专属来源说明,传奇名+底材精确匹配,https://www.poewiki.net/wiki/Mistwall,2026-09-03
The Apostate,Cabalist Regalia,BOSS掉落,Drops from Uber Venarius.,传奇名+底材精确匹配,https://www.poewiki.net/wiki/The_Apostate,2026-09-03
Death Rush,Amethyst Ring,普通掉落,Wiki drop_enabled=1，且无专属来源说明,传奇名+底材精确匹配,https://www.poewiki.net/wiki/Death_Rush,2026-09-03
Hegemony's Era,Judgement Staff,普通掉落,Wiki drop_enabled=1，且无专属来源说明,传奇名+底材精确匹配,https://www.poewiki.net/wiki/Hegemony's_Era,2026-09-03
Replica Restless Ward,Carnal Armour,其它掉落,Replicas can be obtained from Curio Displays in the final reward rooms of any Grand Heist.,传奇名+底材精确匹配,https://www.poewiki.net/wiki/Replica_Restless_Ward,2026-09-03
The Pariah,Unset Ring,其它掉落,"Renegades warband can be encountered in the Renegade Base Azurite Mine node, from opening Renegades Cache, and in 16x16px|link=|alt=Acid Caverns Map Acid Caverns Map Map Tier: 14 Monster Level: 81 Guild Character : ÿ Travel to this Map by using it in the Templar Laboratory or a personal Map Device. Maps can only be used once. 78x78px|link=|alt=|class=item-icon .",传奇名+底材精确匹配,https://www.poewiki.net/wiki/The_Pariah,2026-09-03
Cyclopean Coil,Leather Belt,普通掉落,Wiki drop_enabled=1，且无专属来源说明,传奇名+底材精确匹配,https://www.poewiki.net/wiki/Cyclopean_Coil,2026-09-03
The Grey Wind,Spectral Axe,普通掉落,Wiki drop_enabled=1，且无专属来源说明,传奇名+底材精确匹配,https://www.poewiki.net/wiki/The_Grey_Wind,2026-09-03
Skysunder,Exquisite Blade,其它掉落,"Obtained by using a 16x16px|link=|alt=Coin of Restoration Coin of Restoration Stack Size: 10 Restores an Afarud Unique item to its past Maraketh form ""Drain away the sands of Time, restore that which is now mine!"" Right click this item then left click a valid Afarud Unique item to restore it to its Maraketh form. 78x78px|link=|alt=|class=item-icon on 16x16px|link=|alt=Fleshrender Fleshrender Exquisite Blade Two Hand Sword Physical Damage: (187.6-227.8)&nbsp;to&nbsp;(313.6-...",传奇名+底材精确匹配,https://www.poewiki.net/wiki/Skysunder,2026-09-03
Fleshrender,Exquisite Blade,其它掉落,"Drops from Ridan, Afarud Commander in Mirage encounters.",传奇名+底材精确匹配,https://www.poewiki.net/wiki/Fleshrender,2026-09-03
Incandescent Heart,Saintly Chainmail,普通掉落,Wiki drop_enabled=1，且无专属来源说明,传奇名+底材精确匹配,https://www.poewiki.net/wiki/Incandescent_Heart,2026-09-03
Chains of Command,Saintly Chainmail,普通掉落,Wiki drop_enabled=1，且无专属来源说明,传奇名+底材精确匹配,https://www.poewiki.net/wiki/Chains_of_Command,2026-09-03
Black Zenith,Fingerless Silk Gloves,普通掉落,Wiki drop_enabled=1，且无专属来源说明,传奇名+底材精确匹配,https://www.poewiki.net/wiki/Black_Zenith,2026-09-03
Lioneye's Remorse,Pinnacle Tower Shield,普通掉落,Wiki drop_enabled=1，且无专属来源说明,传奇名+底材精确匹配,https://www.poewiki.net/wiki/Lioneye's_Remorse,2026-09-03
Natural Hierarchy,Rotfeather Talisman,其它掉落,"Can drop from Spirit Beasts, or randomly obtained through the Beastcrafting recipe requiring The Black Mórrigan that creates a new Talisman.",按传奇名回退匹配（底材版本不同）,https://www.poewiki.net/wiki/Natural_Hierarchy,2026-09-03
Bubonic Trail,Murder Boots,普通掉落,Wiki drop_enabled=1，且无专属来源说明,传奇名+底材精确匹配,https://www.poewiki.net/wiki/Bubonic_Trail_(1_Abyssal_Socket),2026-09-03
Craiceann's Pincers,Titan Gauntlets,BOSS掉落,"Craiceann's Pincers can only drop from Craiceann, First of the Deep.",传奇名+底材精确匹配,https://www.poewiki.net/wiki/Craiceann's_Pincers,2026-09-03
Vorana's March,Runic Sabatons,普通掉落,Wiki drop_enabled=1，且无专属来源说明,传奇名+底材精确匹配,https://www.poewiki.net/wiki/Vorana's_March,2026-09-03
Crown of Eyes,Hubris Circlet,普通掉落,Wiki drop_enabled=1，且无专属来源说明,传奇名+底材精确匹配,https://www.poewiki.net/wiki/Crown_of_Eyes,2026-09-03
Ylfeban's Trickery,Hubris Circlet,普通掉落,Wiki drop_enabled=1，且无专属来源说明,传奇名+底材精确匹配,https://www.poewiki.net/wiki/Ylfeban's_Trickery,2026-09-03
Kaom's Spirit,Titan Gauntlets,普通掉落,Wiki drop_enabled=1，且无专属来源说明,传奇名+底材精确匹配,https://www.poewiki.net/wiki/Kaom's_Spirit,2026-09-03
Usurper's Penance,Eternal Burgonet,普通掉落,Wiki drop_enabled=1，且无专属来源说明,传奇名+底材精确匹配,https://www.poewiki.net/wiki/Usurper's_Penance,2026-09-03
Atziri's Rule,Judgement Staff,BOSS掉落,Only drops from Uber Atziri.,传奇名+底材精确匹配,https://www.poewiki.net/wiki/Atziri's_Rule,2026-09-03
Pledge of Hands,Judgement Staff,BOSS掉落,Only drops from regular Atziri in the Apex of Sacrifice or Incursion Atziri in the Throne of Atziri (in the Temple of Atzoatl).,传奇名+底材精确匹配,https://www.poewiki.net/wiki/Pledge_of_Hands,2026-09-03
Nebulis,Void Sceptre,BOSS掉落,Drops from Uber Venarius.,传奇名+底材精确匹配,https://www.poewiki.net/wiki/Nebulis_(Fractured),2026-09-03
The Grey Spire,Judgement Staff,其它掉落,Delve league-specific Uniques can also drop deterministically from certain chests in Delve.,传奇名+底材精确匹配,https://www.poewiki.net/wiki/The_Grey_Spire,2026-09-03
Mon'tregul's Grasp,Void Sceptre,普通掉落,Wiki drop_enabled=1，且无专属来源说明,传奇名+底材精确匹配,https://www.poewiki.net/wiki/Mon'tregul's_Grasp,2026-09-03
Tinkerskin,Sadist Garb,普通掉落,Wiki drop_enabled=1，且无专属来源说明,传奇名+底材精确匹配,https://www.poewiki.net/wiki/Tinkerskin,2026-09-03
Cadigan's Crown,Runic Crown,普通掉落,Wiki drop_enabled=1，且无专属来源说明,传奇名+底材精确匹配,https://www.poewiki.net/wiki/Cadigan's_Crown,2026-09-03
Cospri's Will,Assassin's Garb,普通掉落,Wiki drop_enabled=1，且无专属来源说明,传奇名+底材精确匹配,https://www.poewiki.net/wiki/Cospri's_Will,2026-09-03
Bitterbind Point,Titanium Spirit Shield,普通掉落,Wiki drop_enabled=1，且无专属来源说明,传奇名+底材精确匹配,https://www.poewiki.net/wiki/Bitterbind_Point,2026-09-03
Kaom's Roots,Titan Greaves,普通掉落,Wiki drop_enabled=1，且无专属来源说明,传奇名+底材精确匹配,https://www.poewiki.net/wiki/Kaom's_Roots,2026-09-03
Voll's Vision,Praetor Crown,普通掉落,Wiki drop_enabled=1，且无专属来源说明,传奇名+底材精确匹配,https://www.poewiki.net/wiki/Voll's_Vision,2026-09-03
The Unshattered Will,Archon Kite Shield,其它掉落,Can only be acquired in permanent leagues by combining pieces.,传奇名+底材精确匹配,https://www.poewiki.net/wiki/The_Unshattered_Will,2026-09-03
Invictus Solaris,Archon Kite Shield,普通掉落,Wiki drop_enabled=1，且无专属来源说明,传奇名+底材精确匹配,https://www.poewiki.net/wiki/Invictus_Solaris,2026-09-03
Howlcrack,Ezomyte Burgonet,其它掉落,Can be obtained by taking this item from a mercenary with this item equipped after winning a duel.,传奇名+底材精确匹配,https://www.poewiki.net/wiki/Howlcrack,2026-09-03
Replica Oro's Sacrifice,Infernal Sword,其它掉落,Replicas can be obtained from Curio Displays in the final reward rooms of any Grand Heist.,传奇名+底材精确匹配,https://www.poewiki.net/wiki/Replica_Oro's_Sacrifice,2026-09-03
Dawnbreaker,Colossal Tower Shield,普通掉落,Wiki drop_enabled=1，且无专属来源说明,传奇名+底材精确匹配,https://www.poewiki.net/wiki/Dawnbreaker,2026-09-03
The Bringer of Rain,Nightmare Bascinet,普通掉落,Wiki drop_enabled=1，且无专属来源说明,传奇名+底材精确匹配,https://www.poewiki.net/wiki/The_Bringer_of_Rain,2026-09-03
Woespike,Steel Ring,BOSS掉落,Drops from Uber Incarnation of Fear.,传奇名+底材精确匹配,https://www.poewiki.net/wiki/Woespike,2026-09-03
The Unseen Hue,Opal Ring,普通掉落,Wiki drop_enabled=1，且无专属来源说明,传奇名+底材精确匹配,https://www.poewiki.net/wiki/The_Unseen_Hue,2026-09-03
Dreamfeather,Eternal Sword,普通掉落,Wiki drop_enabled=1，且无专属来源说明,传奇名+底材精确匹配,https://www.poewiki.net/wiki/Dreamfeather,2026-09-03
Replica Dreamfeather,Eternal Sword,其它掉落,Replicas can be obtained from Curio Displays in the final reward rooms of any Grand Heist.,传奇名+底材精确匹配,https://www.poewiki.net/wiki/Replica_Dreamfeather,2026-09-03
The Enmity Divine,Imperial Staff,普通掉落,Wiki drop_enabled=1，且无专属来源说明,传奇名+底材精确匹配,https://www.poewiki.net/wiki/The_Enmity_Divine,2026-09-03
Hands of the High Templar,Crusader Gloves,普通掉落,Wiki drop_enabled=1，且无专属来源说明,传奇名+底材精确匹配,https://www.poewiki.net/wiki/Hands_of_the_High_Templar,2026-09-03
Font of Thunder,Mirrored Spiked Shield,其它掉落,Font of Thunder can be obtained from Curio Displays in the final reward rooms of any Grand Heist.,传奇名+底材精确匹配,https://www.poewiki.net/wiki/Font_of_Thunder,2026-09-03
Repentance,Crusader Gloves,普通掉落,Wiki drop_enabled=1，且无专属来源说明,传奇名+底材精确匹配,https://www.poewiki.net/wiki/Repentance,2026-09-03
Vix Lunaris,Cardinal Round Shield,普通掉落,Wiki drop_enabled=1，且无专属来源说明,传奇名+底材精确匹配,https://www.poewiki.net/wiki/Vix_Lunaris,2026-09-03
Replica Soul Strike,Spike-Point Arrow Quiver,其它掉落,Replicas can be obtained from Curio Displays in the final reward rooms of any Grand Heist.,传奇名+底材精确匹配,https://www.poewiki.net/wiki/Replica_Soul_Strike,2026-09-03
Gloomfang,Blue Pearl Amulet,普通掉落,Wiki drop_enabled=1，且无专属来源说明,传奇名+底材精确匹配,https://www.poewiki.net/wiki/Gloomfang,2026-09-03
Snakepit,Sapphire Ring,普通掉落,Wiki drop_enabled=1，且无专属来源说明,传奇名+底材精确匹配,https://www.poewiki.net/wiki/Snakepit,2026-09-03
The Goddess Scorned,Elegant Sword,其它掉落,The Goddess Scorned can only be obtained with the following vendor recipe.,传奇名+底材精确匹配,https://www.poewiki.net/wiki/The_Goddess_Scorned,2026-09-03
Doomsower,Lion Sword,普通掉落,Wiki drop_enabled=1，且无专属来源说明,传奇名+底材精确匹配,https://www.poewiki.net/wiki/Doomsower,2026-09-03
"Jack, the Axe",Vaal Hatchet,普通掉落,Wiki drop_enabled=1，且无专属来源说明,传奇名+底材精确匹配,https://www.poewiki.net/wiki/Jack%2C_the_Axe,2026-09-03
The Unblinking Eye,Harlequin Mask,BOSS掉落,Drops from Uber Shaper.,传奇名+底材精确匹配,https://www.poewiki.net/wiki/The_Unblinking_Eye,2026-09-03
Infernal Mantle,Widowsilk Robe,普通掉落,Wiki drop_enabled=1，且无专属来源说明,传奇名+底材精确匹配,https://www.poewiki.net/wiki/Infernal_Mantle,2026-09-03
Rime Gaze,Mind Cage,普通掉落,Wiki drop_enabled=1，且无专属来源说明,传奇名+底材精确匹配,https://www.poewiki.net/wiki/Rime_Gaze,2026-09-03
Fenumus' Shroud,Widowsilk Robe,BOSS掉落,"Fenumus' Shroud can only drop from Fenumus, First of the Night (requires area level 80+).",传奇名+底材精确匹配,https://www.poewiki.net/wiki/Fenumus'_Shroud,2026-09-03
Saqawal's Nest,Blood Raiment,BOSS掉落,"Saqawal's Nest can only drop from Saqawal, First of the Sky in Saqawal's Roost (requires area level 80+).",传奇名+底材精确匹配,https://www.poewiki.net/wiki/Saqawal's_Nest,2026-09-03
Scold's Bridle,Mind Cage,普通掉落,Wiki drop_enabled=1，且无专属来源说明,传奇名+底材精确匹配,https://www.poewiki.net/wiki/Scold's_Bridle,2026-09-03
Hale Negator,Mind Cage,普通掉落,Wiki drop_enabled=1，且无专属来源说明,传奇名+底材精确匹配,https://www.poewiki.net/wiki/Hale_Negator_(1_Abyssal_Socket),2026-09-03
Solstice Vigil,Onyx Amulet,普通掉落,Wiki drop_enabled=1，且无专属来源说明,传奇名+底材精确匹配,https://www.poewiki.net/wiki/Solstice_Vigil,2026-09-03
Taryn's Shiver,Maelström Staff,普通掉落,Wiki drop_enabled=1，且无专属来源说明,传奇名+底材精确匹配,https://www.poewiki.net/wiki/Taryn's_Shiver,2026-09-03
Hezmana's Bloodlust,Vaal Axe,普通掉落,Wiki drop_enabled=1，且无专属来源说明,传奇名+底材精确匹配,https://www.poewiki.net/wiki/Hezmana's_Bloodlust,2026-09-03
Reach of the Council,Spine Bow,普通掉落,Wiki drop_enabled=1，且无专属来源说明,传奇名+底材精确匹配,https://www.poewiki.net/wiki/Reach_of_the_Council,2026-09-03
Rebuke of the Vaal,Vaal Blade,普通掉落,Wiki drop_enabled=1，且无专属来源说明,传奇名+底材精确匹配,https://www.poewiki.net/wiki/Rebuke_of_the_Vaal,2026-09-03
Alpha's Howl,Sinner Tricorne,普通掉落,Wiki drop_enabled=1，且无专属来源说明,传奇名+底材精确匹配,https://www.poewiki.net/wiki/Alpha's_Howl,2026-09-03
The Anticipation,Ezomyte Tower Shield,其它掉落,"Can be obtained from the Genesis Tree using an Ancient Wombgift, Grasping Coffers in Hive Fortresses or Hive Colony, or as a random drop from It That Was Esh and It That Was Tul.",传奇名+底材精确匹配,https://www.poewiki.net/wiki/The_Anticipation,2026-09-03
Replica Alpha's Howl,Sinner Tricorne,其它掉落,Replicas can be obtained from Curio Displays in the final reward rooms of any Grand Heist.,传奇名+底材精确匹配,https://www.poewiki.net/wiki/Replica_Alpha's_Howl,2026-09-03
Cowards' Wail,Ezomyte Tower Shield,普通掉落,Wiki drop_enabled=1，且无专属来源说明,传奇名+底材精确匹配,https://www.poewiki.net/wiki/Cowards'_Wail,2026-09-03
Blackflame,Amethyst Ring,其它掉落,Exclusive as a reward from Rituals.,传奇名+底材精确匹配,https://www.poewiki.net/wiki/Blackflame,2026-09-03
Perandus Signet,Paua Ring,普通掉落,Wiki drop_enabled=1，且无专属来源说明,传奇名+底材精确匹配,https://www.poewiki.net/wiki/Perandus_Signet,2026-09-03
Daresso's Defiance,Full Dragonscale,普通掉落,Wiki drop_enabled=1，且无专属来源说明,传奇名+底材精确匹配,https://www.poewiki.net/wiki/Daresso's_Defiance,2026-09-03
Atziri's Acuity,Vaal Gauntlets,BOSS掉落,Only drops from Uber Atziri.,传奇名+底材精确匹配,https://www.poewiki.net/wiki/Atziri's_Acuity,2026-09-03
Fenumus' Spinnerets,Assassin's Boots,BOSS掉落,"Fenumus' Spinnerets can only drop from Fenumus, First of the Night.",传奇名+底材精确匹配,https://www.poewiki.net/wiki/Fenumus'_Spinnerets,2026-09-03
Crown of the Inward Eye,Prophet Crown,普通掉落,Wiki drop_enabled=1，且无专属来源说明,传奇名+底材精确匹配,https://www.poewiki.net/wiki/Crown_of_the_Inward_Eye,2026-09-03
Sunblast,Cloth Belt,普通掉落,Wiki drop_enabled=1，且无专属来源说明,传奇名+底材精确匹配,https://www.poewiki.net/wiki/Sunblast,2026-09-03
Bonemeld,Marble Amulet,普通掉落,Wiki drop_enabled=1，且无专属来源说明,传奇名+底材精确匹配,https://www.poewiki.net/wiki/Bonemeld,2026-09-03
Ashes of the Stars,Onyx Amulet,BOSS掉落,Drops from Uber Eater.,传奇名+底材精确匹配,https://www.poewiki.net/wiki/Ashes_of_the_Stars,2026-09-03
The Searing Touch,Lathi,普通掉落,Wiki drop_enabled=1，且无专属来源说明,传奇名+底材精确匹配,https://www.poewiki.net/wiki/The_Searing_Touch,2026-09-03
Cadigan's Authority,Platinum Sceptre,其它掉落,"Obtained randomly as a reward for shipping resources from Kingsmarch to Riben Fell, Pondium, or Kalguur.",传奇名+底材精确匹配,https://www.poewiki.net/wiki/Cadigan's_Authority,2026-09-03
The Rippling Thoughts,Legion Sword,普通掉落,Wiki drop_enabled=1，且无专属来源说明,传奇名+底材精确匹配,https://www.poewiki.net/wiki/The_Rippling_Thoughts,2026-09-03
Replica Wings of Entropy,Ezomyte Axe,其它掉落,Replicas can be obtained from Curio Displays in the final reward rooms of any Grand Heist.,传奇名+底材精确匹配,https://www.poewiki.net/wiki/Replica_Wings_of_Entropy,2026-09-03
Law of the Wilds,Hellion's Paw,普通掉落,Wiki drop_enabled=1，且无专属来源说明,传奇名+底材精确匹配,https://www.poewiki.net/wiki/Law_of_the_Wilds,2026-09-03
Cold Iron Point,Ezomyte Dagger,普通掉落,Wiki drop_enabled=1，且无专属来源说明,传奇名+底材精确匹配,https://www.poewiki.net/wiki/Cold_Iron_Point,2026-09-03
Death's Oath,Astral Plate,普通掉落,Wiki drop_enabled=1，且无专属来源说明,传奇名+底材精确匹配,https://www.poewiki.net/wiki/Death's_Oath,2026-09-03
Carcass Jack,Varnished Coat,普通掉落,Wiki drop_enabled=1，且无专属来源说明,传奇名+底材精确匹配,https://www.poewiki.net/wiki/Carcass_Jack,2026-09-03
Yriel's Fostering,Exquisite Leather,普通掉落,Wiki drop_enabled=1，且无专属来源说明,传奇名+底材精确匹配,https://www.poewiki.net/wiki/Yriel's_Fostering_(Rhoa),2026-09-03
Blunderbore,Astral Plate,普通掉落,Wiki drop_enabled=1，且无专属来源说明,传奇名+底材精确匹配,https://www.poewiki.net/wiki/Blunderbore,2026-09-03
Bitter Instinct,Spiny Round Shield,BOSS掉落,Drops from Uber Incarnation of Neglect.,传奇名+底材精确匹配,https://www.poewiki.net/wiki/Bitter_Instinct,2026-09-03
Dawnstrider,Vaal Greaves,普通掉落,Wiki drop_enabled=1，且无专属来源说明,传奇名+底材精确匹配,https://www.poewiki.net/wiki/Dawnstrider,2026-09-03
Fractal Thoughts,Vaal Mask,普通掉落,Wiki drop_enabled=1，且无专属来源说明,传奇名+底材精确匹配,https://www.poewiki.net/wiki/Fractal_Thoughts,2026-09-03
Perepiteia,Ezomyte Spiked Shield,普通掉落,Wiki drop_enabled=1，且无专属来源说明,传奇名+底材精确匹配,https://www.poewiki.net/wiki/Perepiteia_(Fractured),2026-09-03
The Vertex,Vaal Mask,BOSS掉落,Only drops from Uber Atziri.,传奇名+底材精确匹配,https://www.poewiki.net/wiki/The_Vertex,2026-09-03
Auxium,Crystal Belt,普通掉落,Wiki drop_enabled=1，且无专属来源说明,传奇名+底材精确匹配,https://www.poewiki.net/wiki/Auxium,2026-09-03
Leash of Oblation,Leather Belt,普通掉落,Wiki drop_enabled=1，且无专属来源说明,传奇名+底材精确匹配,https://www.poewiki.net/wiki/Leash_of_Oblation,2026-09-03
The Burden of Truth,Crystal Belt,普通掉落,Wiki drop_enabled=1，且无专属来源说明,传奇名+底材精确匹配,https://www.poewiki.net/wiki/The_Burden_of_Truth,2026-09-03
Rigwald's Savagery,Royal Axe,普通掉落,Wiki drop_enabled=1，且无专属来源说明,传奇名+底材精确匹配,https://www.poewiki.net/wiki/Rigwald's_Savagery,2026-09-03
Rigwald's Command,Midnight Blade,普通掉落,Wiki drop_enabled=1，且无专属来源说明,传奇名+底材精确匹配,https://www.poewiki.net/wiki/Rigwald's_Command,2026-09-03
Slivertongue,Harbinger Bow,普通掉落,Wiki drop_enabled=1，且无专属来源说明,传奇名+底材精确匹配,https://www.poewiki.net/wiki/Slivertongue,2026-09-03
Obscurantis,Lion Pelt,普通掉落,Wiki drop_enabled=1，且无专属来源说明,传奇名+底材精确匹配,https://www.poewiki.net/wiki/Obscurantis,2026-09-03
The Living Blade,Ezomyte Blade,普通掉落,Wiki drop_enabled=1，且无专属来源说明,传奇名+底材精确匹配,https://www.poewiki.net/wiki/The_Living_Blade,2026-09-03
Replica Inya's Epiphany,Arcanist Slippers,其它掉落,Replicas can be obtained from Curio Displays in the final reward rooms of any Grand Heist.,传奇名+底材精确匹配,https://www.poewiki.net/wiki/Replica_Inya's_Epiphany,2026-09-03
Inya's Epiphany,Arcanist Slippers,普通掉落,Wiki drop_enabled=1，且无专属来源说明,传奇名+底材精确匹配,https://www.poewiki.net/wiki/Inya's_Epiphany,2026-09-03
The Fulcrum,Ezomyte Staff,其它掉落,The Fulcrum can be obtained from Curio Displays in the final reward rooms of any Grand Heist.,传奇名+底材精确匹配,https://www.poewiki.net/wiki/The_Fulcrum,2026-09-03
Null's Inclination,Ranger Bow,普通掉落,Wiki drop_enabled=1，且无专属来源说明,传奇名+底材精确匹配,https://www.poewiki.net/wiki/Null's_Inclination,2026-09-03
Cameria's Avarice,Gavel,其它掉落,This item can only be acquired from a vendor recipe.,传奇名+底材精确匹配,https://www.poewiki.net/wiki/Cameria's_Avarice,2026-09-03
The Hidden Blade,Ambusher,其它掉落,The Hidden Blade can be obtained from Curio Displays in the final reward rooms of any Grand Heist.,传奇名+底材精确匹配,https://www.poewiki.net/wiki/The_Hidden_Blade,2026-09-03
The Iron Mass,Gladius,其它掉落,The Iron Mass can be obtained from Curio Displays in the final reward rooms of any Grand Heist.,传奇名+底材精确匹配,https://www.poewiki.net/wiki/The_Iron_Mass,2026-09-03
Lightning Coil,Desert Brigandine,普通掉落,Wiki drop_enabled=1，且无专属来源说明,传奇名+底材精确匹配,https://www.poewiki.net/wiki/Lightning_Coil,2026-09-03
Saqawal's Flock,Silken Hood,BOSS掉落,"Saqawal's Flock can only drop from Saqawal, First of the Sky in Saqawal's Roost.",传奇名+底材精确匹配,https://www.poewiki.net/wiki/Saqawal's_Flock,2026-09-03
Abyssus,Ezomyte Burgonet,普通掉落,Wiki drop_enabled=1，且无专属来源说明,传奇名+底材精确匹配,https://www.poewiki.net/wiki/Abyssus,2026-09-03
Replica Grip of the Council,Arcanist Gloves,其它掉落,Replicas can be obtained from Curio Displays in the final reward rooms of any Grand Heist.,传奇名+底材精确匹配,https://www.poewiki.net/wiki/Replica_Grip_of_the_Council,2026-09-03
Grip of the Council,Arcanist Gloves,普通掉落,Wiki drop_enabled=1，且无专属来源说明,传奇名+底材精确匹配,https://www.poewiki.net/wiki/Grip_of_the_Council,2026-09-03
Algor Mortis,Carnal Mitts,普通掉落,Wiki drop_enabled=1，且无专属来源说明,传奇名+底材精确匹配,https://www.poewiki.net/wiki/Algor_Mortis,2026-09-03
Expedition's End,Sentinel Jacket,其它掉落,Expedition's End can be obtained from Curio Displays in the final reward rooms of any Grand Heist.,传奇名+底材精确匹配,https://www.poewiki.net/wiki/Expedition's_End,2026-09-03
Queen of the Forest,Destiny Leather,普通掉落,Wiki drop_enabled=1，且无专属来源说明,传奇名+底材精确匹配,https://www.poewiki.net/wiki/Queen_of_the_Forest,2026-09-03
Saffell's Frame,Branded Kite Shield,普通掉落,Wiki drop_enabled=1，且无专属来源说明,传奇名+底材精确匹配,https://www.poewiki.net/wiki/Saffell's_Frame,2026-09-03
Breathstealer,Hydrascale Gauntlets,其它掉落,Can drop after completing a Blight encounter in a Blighted map.,传奇名+底材精确匹配,https://www.poewiki.net/wiki/Breathstealer,2026-09-03
Saqawal's Talons,Hydrascale Boots,BOSS掉落,"Saqawal's Talons can only drop from Saqawal, First of the Sky in Saqawal's Roost.",传奇名+底材精确匹配,https://www.poewiki.net/wiki/Saqawal's_Talons,2026-09-03
Gamblesprint,Hydrascale Boots,其它掉落,Obtained as a random reward from Ultimatum encounters.,传奇名+底材精确匹配,https://www.poewiki.net/wiki/Gamblesprint,2026-09-03
Wilma's Requital,Solaris Circlet,普通掉落,Wiki drop_enabled=1，且无专属来源说明,传奇名+底材精确匹配,https://www.poewiki.net/wiki/Wilma's_Requital,2026-09-03
The Hungry Loop,Unset Ring,普通掉落,Wiki drop_enabled=1，且无专属来源说明,传奇名+底材精确匹配,https://www.poewiki.net/wiki/The_Hungry_Loop,2026-09-03
Unyielding Flame,Archon Kite Shield,其它掉落,Can only drop in the Eternal Labyrinth.,传奇名+底材精确匹配,https://www.poewiki.net/wiki/Unyielding_Flame,2026-09-03
Mask of the Stitched Demon,Magistrate Crown,普通掉落,Wiki drop_enabled=1，且无专属来源说明,传奇名+底材精确匹配,https://www.poewiki.net/wiki/Mask_of_the_Stitched_Demon,2026-09-03
Craiceann's Chitin,Magistrate Crown,BOSS掉落,"Craiceann's Chitin can only drop from Craiceann, First of the Deep.",传奇名+底材精确匹配,https://www.poewiki.net/wiki/Craiceann's_Chitin,2026-09-03
Mask of the Tribunal,Magistrate Crown,BOSS掉落,Drops from Uber Venarius.,传奇名+底材精确匹配,https://www.poewiki.net/wiki/Mask_of_the_Tribunal_(Fractured),2026-09-03
Storm's Gift,Assassin's Mitts,普通掉落,Wiki drop_enabled=1，且无专属来源说明,传奇名+底材精确匹配,https://www.poewiki.net/wiki/Storm's_Gift_(Fractured),2026-09-03
Replica Ungil's Gauche,Boot Knife,其它掉落,Replicas can be obtained from Curio Displays in the final reward rooms of any Grand Heist.,传奇名+底材精确匹配,https://www.poewiki.net/wiki/Replica_Ungil's_Gauche,2026-09-03
Replica Badge of the Brotherhood,Turquoise Amulet,其它掉落,Replicas can be obtained from the Curio Display in the final reward rooms of any Grand Heist.,传奇名+底材精确匹配,https://www.poewiki.net/wiki/Replica_Badge_of_the_Brotherhood,2026-09-03
The Black Cane,Royal Sceptre,普通掉落,Wiki drop_enabled=1，且无专属来源说明,传奇名+底材精确匹配,https://www.poewiki.net/wiki/The_Black_Cane,2026-09-03
Ancient Skull,Bone Helmet,普通掉落,Wiki drop_enabled=1，且无专属来源说明,传奇名+底材精确匹配,https://www.poewiki.net/wiki/Ancient_Skull,2026-09-03
Eye of Malice,Callous Mask,普通掉落,Wiki drop_enabled=1，且无专属来源说明,传奇名+底材精确匹配,https://www.poewiki.net/wiki/Eye_of_Malice,2026-09-03
Squirming Terror,Unset Ring,普通掉落,Wiki drop_enabled=1，且无专属来源说明,传奇名+底材精确匹配,https://www.poewiki.net/wiki/Squirming_Terror,2026-09-03
The Crimson Storm,Steelwood Bow,其它掉落,Drops from executed Safehouse leaders in Fortification Safehouses. Only obtainable from Safehouses of area level 78 or higher.,传奇名+底材精确匹配,https://www.poewiki.net/wiki/The_Crimson_Storm,2026-09-03
Mind of the Council,Harlequin Mask,普通掉落,Wiki drop_enabled=1，且无专属来源说明,传奇名+底材精确匹配,https://www.poewiki.net/wiki/Mind_of_the_Council,2026-09-03
The Shattered Divinity,Blunt Arrow Quiver,普通掉落,Wiki drop_enabled=1，且无专属来源说明,传奇名+底材精确匹配,https://www.poewiki.net/wiki/The_Shattered_Divinity,2026-09-03
Fate of the Vaal,Gemstone Sword,普通掉落,Wiki drop_enabled=1，且无专属来源说明,传奇名+底材精确匹配,https://www.poewiki.net/wiki/Fate_of_the_Vaal,2026-09-03
The Rat Cage,Sharkskin Tunic,普通掉落,Wiki drop_enabled=1，且无专属来源说明,传奇名+底材精确匹配,https://www.poewiki.net/wiki/The_Rat_Cage,2026-09-03
Craiceann's Carapace,Golden Plate,BOSS掉落,"Craiceann's Carapace can only drop from Craiceann, First of the Deep (requires area level 80+).",传奇名+底材精确匹配,https://www.poewiki.net/wiki/Craiceann's_Carapace,2026-09-03
The Taming,Prismatic Ring,其它掉落,The Taming is a vendor recipe item.,传奇名+底材精确匹配,https://www.poewiki.net/wiki/The_Taming,2026-09-03
Circle of Ambition,Prismatic Ring,BOSS掉落,Drops from Uber Venarius.,传奇名+底材精确匹配,https://www.poewiki.net/wiki/Circle_of_Ambition,2026-09-03
The Flame of Hope,Maraketh Bow,其它掉落,"Obtained by using a 16x16px|link=|alt=Coin of Restoration Coin of Restoration Stack Size: 10 Restores an Afarud Unique item to its past Maraketh form ""Drain away the sands of Time, restore that which is now mine!"" Right click this item then left click a valid Afarud Unique item to restore it to its Maraketh form. 78x78px|link=|alt=|class=item-icon on 16x16px|link=|alt=The Bane of Hope The Bane of Hope Maraketh Bow Bow Physical Damage: (153.9-209.3)&nbsp;to&nbsp;(250.8-326....",传奇名+底材精确匹配,https://www.poewiki.net/wiki/The_Flame_of_Hope,2026-09-03
The Bane of Hope,Maraketh Bow,其它掉落,Drops from Mirage encounters.,传奇名+底材精确匹配,https://www.poewiki.net/wiki/The_Bane_of_Hope,2026-09-03
Lioneye's Vision,Crusader Plate,普通掉落,Wiki drop_enabled=1，且无专属来源说明,传奇名+底材精确匹配,https://www.poewiki.net/wiki/Lioneye's_Vision,2026-09-03
The Broken Elegy,Foul Staff,其它掉落,"Drops from Saresh, of the Weeping Black.",传奇名+底材精确匹配,https://www.poewiki.net/wiki/The_Broken_Elegy,2026-09-03
Ngamahu's Flame,Abyssal Axe,普通掉落,Wiki drop_enabled=1，且无专属来源说明,传奇名+底材精确匹配,https://www.poewiki.net/wiki/Ngamahu's_Flame,2026-09-03
Omeyocan,Carnal Boots,普通掉落,Wiki drop_enabled=1，且无专属来源说明,传奇名+底材精确匹配,https://www.poewiki.net/wiki/Omeyocan,2026-09-03
Replica Three-step Assault,Shagreen Boots,其它掉落,Replicas can be obtained from Curio Displays in the final reward rooms of any Grand Heist.,传奇名+底材精确匹配,https://www.poewiki.net/wiki/Replica_Three-step_Assault,2026-09-03
Ceaseless Feast,Spiked Gloves,普通掉落,Wiki drop_enabled=1，且无专属来源说明,传奇名+底材精确匹配,https://www.poewiki.net/wiki/Ceaseless_Feast,2026-09-03
Inextricable Fate,Fugitive Boots,BOSS掉落,Drops from the Eater of Worlds.,传奇名+底材精确匹配,https://www.poewiki.net/wiki/Inextricable_Fate,2026-09-03
Great Old One's Tentacles,Eelskin Gloves,普通掉落,Wiki drop_enabled=1，且无专属来源说明,传奇名+底材精确匹配,https://www.poewiki.net/wiki/Great_Old_One's_Tentacles,2026-09-03
Fenumus' Toxins,Necromancer Circlet,BOSS掉落,"Fenumus' Toxins can only drop from Fenumus, First of the Night.",传奇名+底材精确匹配,https://www.poewiki.net/wiki/Fenumus'_Toxins,2026-09-03
Craiceann's Tracks,Goliath Greaves,BOSS掉落,"Craiceann's Tracks can only drop from Craiceann, First of the Deep.",传奇名+底材精确匹配,https://www.poewiki.net/wiki/Craiceann's_Tracks,2026-09-03
Daresso's Courage,Baroque Round Shield,普通掉落,Wiki drop_enabled=1，且无专属来源说明,传奇名+底材精确匹配,https://www.poewiki.net/wiki/Daresso's_Courage,2026-09-03
Chitus' Apex,Necromancer Circlet,普通掉落,Wiki drop_enabled=1，且无专属来源说明,传奇名+底材精确匹配,https://www.poewiki.net/wiki/Chitus'_Apex,2026-09-03
Ming's Heart,Amethyst Ring,普通掉落,Wiki drop_enabled=1，且无专属来源说明,传奇名+底材精确匹配,https://www.poewiki.net/wiki/Ming's_Heart,2026-09-03
Leper's Alms,Mirrored Spiked Shield,普通掉落,Wiki drop_enabled=1，且无专属来源说明,传奇名+底材精确匹配,https://www.poewiki.net/wiki/Leper's_Alms,2026-09-03
Ahkeli's Meadow,Ruby Ring,普通掉落,Wiki drop_enabled=1，且无专属来源说明,传奇名+底材精确匹配,https://www.poewiki.net/wiki/Ahkeli's_Meadow,2026-09-03
The Desecrated Chalice,Coronal Maul,其它掉落,Drops from Mirage encounters.,传奇名+底材精确匹配,https://www.poewiki.net/wiki/The_Desecrated_Chalice,2026-09-03
The Sacred Chalice,Coronal Maul,其它掉落,"Obtained by using a 16x16px|link=|alt=Coin of Restoration Coin of Restoration Stack Size: 10 Restores an Afarud Unique item to its past Maraketh form ""Drain away the sands of Time, restore that which is now mine!"" Right click this item then left click a valid Afarud Unique item to restore it to its Maraketh form. 78x78px|link=|alt=|class=item-icon on 16x16px|link=|alt=The Desecrated Chalice The Desecrated Chalice Coronal Maul Two Hand Mace Physical Damage: (200.2-236.6)&nb...",传奇名+底材精确匹配,https://www.poewiki.net/wiki/The_Sacred_Chalice,2026-09-03
Dyadus,Infernal Axe,普通掉落,Wiki drop_enabled=1，且无专属来源说明,传奇名+底材精确匹配,https://www.poewiki.net/wiki/Dyadus,2026-09-03
Medved's Challenge,Runic Gauntlets,其它掉落,Drops from Expedition monsters in zones or Logbooks.,传奇名+底材精确匹配,https://www.poewiki.net/wiki/Medved's_Challenge,2026-09-03
Cherrubim's Maleficence,Triumphant Lamellar,普通掉落,Wiki drop_enabled=1，且无专属来源说明,传奇名+底材精确匹配,https://www.poewiki.net/wiki/Cherrubim's_Maleficence,2026-09-03
Atziri's Step,Slink Boots,BOSS掉落,Only drops from regular Atziri in the Apex of Sacrifice or Incursion Atziri in the Throne of Atziri (in the Temple of Atzoatl),传奇名+底材精确匹配,https://www.poewiki.net/wiki/Atziri's_Step,2026-09-03
Eber's Unification,Hubris Circlet,普通掉落,Wiki drop_enabled=1，且无专属来源说明,传奇名+底材精确匹配,https://www.poewiki.net/wiki/Eber's_Unification,2026-09-03
Replica Infractem,Decimation Bow,其它掉落,Replicas can be obtained from Curio Displays in the final reward rooms of any Grand Heist.,传奇名+底材精确匹配,https://www.poewiki.net/wiki/Replica_Infractem,2026-09-03
Apep's Rage,Omen Wand,普通掉落,Wiki drop_enabled=1，且无专属来源说明,传奇名+底材精确匹配,https://www.poewiki.net/wiki/Apep's_Rage,2026-09-03
Lightpoacher,Great Crown,普通掉落,Wiki drop_enabled=1，且无专属来源说明,传奇名+底材精确匹配,https://www.poewiki.net/wiki/Lightpoacher_(1_Abyssal_Socket),2026-09-03
Forbidden Shako,Great Crown,普通掉落,Wiki drop_enabled=1，且无专属来源说明,传奇名+底材精确匹配,https://www.poewiki.net/wiki/Forbidden_Shako,2026-09-03
Rainbowstride,Conjurer Boots,普通掉落,Wiki drop_enabled=1，且无专属来源说明,传奇名+底材精确匹配,https://www.poewiki.net/wiki/Rainbowstride,2026-09-03
Touch of Anguish,Imperial Claw,普通掉落,Wiki drop_enabled=1，且无专属来源说明,传奇名+底材精确匹配,https://www.poewiki.net/wiki/Touch_of_Anguish,2026-09-03
Ahn's Might,Midnight Blade,普通掉落,Wiki drop_enabled=1，且无专属来源说明,传奇名+底材精确匹配,https://www.poewiki.net/wiki/Ahn's_Might,2026-09-03
The Beast Fur Shawl,Vaal Regalia,普通掉落,Wiki drop_enabled=1，且无专属来源说明,传奇名+底材精确匹配,https://www.poewiki.net/wiki/The_Beast_Fur_Shawl,2026-09-03
Ahn's Contempt,Praetor Crown,普通掉落,Wiki drop_enabled=1，且无专属来源说明,传奇名+底材精确匹配,https://www.poewiki.net/wiki/Ahn's_Contempt,2026-09-03
Scornflux,Satin Slippers,其它掉落,Can be obtained by taking this item from a mercenary with this item equipped after winning a duel.,传奇名+底材精确匹配,https://www.poewiki.net/wiki/Scornflux,2026-09-03
Witchhunter's Judgment,Highborn Staff,普通掉落,Wiki drop_enabled=1，且无专属来源说明,传奇名+底材精确匹配,https://www.poewiki.net/wiki/Witchhunter's_Judgment,2026-09-03
Akoya's Gaze,Regicide Mask,普通掉落,Wiki drop_enabled=1，且无专属来源说明,传奇名+底材精确匹配,https://www.poewiki.net/wiki/Akoya's_Gaze,2026-09-03
Gorgon's Gaze,Regicide Mask,BOSS掉落,"Gorgon's Gaze drops from Talin, Faithbreaker, the boss of unique map 16x16px|link=|alt=Pillars of Arun Pillars of Arun Map (Tier 1) Monster Level: 68 Item Quantity: +(100-150)% Item Rarity: +(200-300)% (60-100)% increased Experience gain Area contains unbridged gaps to cross Monsters have 50% chance to Avoid Ailments (20-25)% increased Monster Movement Speed (20-25)% increased Monster Attack Speed (20-25)% increased Monster Cast Speed Players have 200% increased Cooldown R...",传奇名+底材精确匹配,https://www.poewiki.net/wiki/Gorgon's_Gaze,2026-09-03
Ynda's Stand,Studded Belt,其它掉落,"Obtained randomly as a reward for completing port quotas when shipping resources from Kingsmarch to Riben Fell, Pondium, or Kalguur.",传奇名+底材精确匹配,https://www.poewiki.net/wiki/Ynda's_Stand,2026-09-03
Kongor's Undying Rage,Terror Maul,普通掉落,Wiki drop_enabled=1，且无专属来源说明,传奇名+底材精确匹配,https://www.poewiki.net/wiki/Kongor's_Undying_Rage,2026-09-03
Ahn's Heritage,Colossal Tower Shield,普通掉落,Wiki drop_enabled=1，且无专属来源说明,传奇名+底材精确匹配,https://www.poewiki.net/wiki/Ahn's_Heritage,2026-09-03
Saqawal's Winds,Soldier Gloves,BOSS掉落,"Saqawal's Winds can only drop from Saqawal, First of the Sky in Saqawal's Roost.",传奇名+底材精确匹配,https://www.poewiki.net/wiki/Saqawal's_Winds,2026-09-03
Legacy of Fury,Wyrmscale Boots,普通掉落,Wiki drop_enabled=1，且无专属来源说明,传奇名+底材精确匹配,https://www.poewiki.net/wiki/Legacy_of_Fury,2026-09-03
Presence of Chayula,Onyx Amulet,其它掉落,"Can be obtained from the Genesis Tree using an Ancient Wombgift, Grasping Coffers in Hive Fortresses or Hive Colony, or as a random drop from It That Was Esh and It That Was Tul.",传奇名+底材精确匹配,https://www.poewiki.net/wiki/Presence_of_Chayula,2026-09-03
Astramentis,Onyx Amulet,普通掉落,Wiki drop_enabled=1，且无专属来源说明,传奇名+底材精确匹配,https://www.poewiki.net/wiki/Astramentis,2026-09-03
Crystallised Omniscience,Onyx Amulet,BOSS掉落,Drops from Uber Exarch.,传奇名+底材精确匹配,https://www.poewiki.net/wiki/Crystallised_Omniscience,2026-09-03
Aul's Uprising,Onyx Amulet,普通掉落,Wiki drop_enabled=1，且无专属来源说明,传奇名+底材精确匹配,https://www.poewiki.net/wiki/Aul's_Uprising_(All_Attributes),2026-09-03
Stormfire,Opal Ring,普通掉落,Wiki drop_enabled=1，且无专属来源说明,传奇名+底材精确匹配,https://www.poewiki.net/wiki/Stormfire,2026-09-03
Devoto's Devotion,Nightmare Bascinet,普通掉落,Wiki drop_enabled=1，且无专属来源说明,传奇名+底材精确匹配,https://www.poewiki.net/wiki/Devoto's_Devotion,2026-09-03
Agnerod North,Imperial Staff,普通掉落,Wiki drop_enabled=1，且无专属来源说明,传奇名+底材精确匹配,https://www.poewiki.net/wiki/Agnerod_North,2026-09-03
Agnerod East,Imperial Staff,普通掉落,Wiki drop_enabled=1，且无专属来源说明,传奇名+底材精确匹配,https://www.poewiki.net/wiki/Agnerod_East,2026-09-03
Agnerod South,Imperial Staff,普通掉落,Wiki drop_enabled=1，且无专属来源说明,传奇名+底材精确匹配,https://www.poewiki.net/wiki/Agnerod_South,2026-09-03
Agnerod West,Imperial Staff,普通掉落,Wiki drop_enabled=1，且无专属来源说明,传奇名+底材精确匹配,https://www.poewiki.net/wiki/Agnerod_West,2026-09-03
Breath of the Council,Carnal Sceptre,普通掉落,Wiki drop_enabled=1，且无专属来源说明,传奇名+底材精确匹配,https://www.poewiki.net/wiki/Breath_of_the_Council,2026-09-03
Replica Heartbreaker,Royal Skean,其它掉落,Replicas can be obtained from Curio Displays in the final reward rooms of any Grand Heist.,传奇名+底材精确匹配,https://www.poewiki.net/wiki/Replica_Heartbreaker,2026-09-03
Fenumus' Weave,Carnal Mitts,BOSS掉落,"Fenumus' Weave can only drop from Fenumus, First of the Night.",传奇名+底材精确匹配,https://www.poewiki.net/wiki/Fenumus'_Weave,2026-09-03
Replica Victario's Charity,Laminated Kite Shield,其它掉落,Replicas can be obtained from Curio Displays in the final reward rooms of any Grand Heist.,传奇名+底材精确匹配,https://www.poewiki.net/wiki/Replica_Victario's_Charity,2026-09-03
Worldcarver,Dragonscale Gauntlets,其它掉落,Wiki drop_enabled!=1；不属于当前普通掉落池,传奇名+底材精确匹配,https://www.poewiki.net/wiki/Worldcarver,2026-09-03
Painseeker,Shagreen Gloves,普通掉落,Wiki drop_enabled=1，且无专属来源说明,传奇名+底材精确匹配,https://www.poewiki.net/wiki/Painseeker,2026-09-03
The Poet's Pen,Somatic Wand,普通掉落,Wiki drop_enabled=1，且无专属来源说明,传奇名+底材精确匹配,https://www.poewiki.net/wiki/The_Poet's_Pen,2026-09-03
Putembo's Mountain,Topaz Ring,普通掉落,Wiki drop_enabled=1，且无专属来源说明,传奇名+底材精确匹配,https://www.poewiki.net/wiki/Putembo's_Mountain,2026-09-03
Rise of the Phoenix,Mosaic Kite Shield,普通掉落,Wiki drop_enabled=1，且无专属来源说明,传奇名+底材精确匹配,https://www.poewiki.net/wiki/Rise_of_the_Phoenix,2026-09-03
Darkray Vectors,Dragonscale Boots,普通掉落,Wiki drop_enabled=1，且无专属来源说明,传奇名+底材精确匹配,https://www.poewiki.net/wiki/Darkray_Vectors,2026-09-03
Vis Mortis,Necromancer Silks,普通掉落,Wiki drop_enabled=1，且无专属来源说明,传奇名+底材精确匹配,https://www.poewiki.net/wiki/Vis_Mortis,2026-09-03
Malachai's Loop,Harmonic Spirit Shield,普通掉落,Wiki drop_enabled=1，且无专属来源说明,传奇名+底材精确匹配,https://www.poewiki.net/wiki/Malachai's_Loop,2026-09-03
Cane of Kulemak,Serpentine Staff,普通掉落,Wiki drop_enabled=1，且无专属来源说明,传奇名+底材精确匹配,https://www.poewiki.net/wiki/Cane_of_Kulemak_(variant_1),2026-09-03
The Scales of Justice,Chiming Spirit Shield,其它掉落,The Scales of Justice can only drop in the Lord's Labyrinth.,传奇名+底材精确匹配,https://www.poewiki.net/wiki/The_Scales_of_Justice,2026-09-03
Dyadian Dawn,Heavy Belt,普通掉落,Wiki drop_enabled=1，且无专属来源说明,传奇名+底材精确匹配,https://www.poewiki.net/wiki/Dyadian_Dawn,2026-09-03
Rigwald's Curse,Wereclaw Talisman,其它掉落,"Can drop from Spirit Beasts, or randomly obtained through the Beastcrafting recipe requiring The Black Mórrigan that creates a new Talisman.",按传奇名回退匹配（底材版本不同）,https://www.poewiki.net/wiki/Rigwald's_Curse,2026-09-03
Death's Hand,Karui Sceptre,普通掉落,Wiki drop_enabled=1，且无专属来源说明,传奇名+底材精确匹配,https://www.poewiki.net/wiki/Death's_Hand,2026-09-03
Doryani's Catalyst,Vaal Sceptre,BOSS掉落,Only drops from regular Atziri in the Apex of Sacrifice or Incursion Atziri in the Throne of Atziri (in the Temple of Atzoatl),传奇名+底材精确匹配,https://www.poewiki.net/wiki/Doryani's_Catalyst,2026-09-03
Geofri's Sanctuary,Elegant Ringmail,普通掉落,Wiki drop_enabled=1，且无专属来源说明,传奇名+底材精确匹配,https://www.poewiki.net/wiki/Geofri's_Sanctuary,2026-09-03
Kaom's Command,Siege Helmet,其它掉落,Obtained randomly as a reward for shipping resources from Kingsmarch to Ngakanu or Te Onui.,传奇名+底材精确匹配,https://www.poewiki.net/wiki/Kaom's_Command,2026-09-03
Maw of Conquest,Steel Circlet,普通掉落,Wiki drop_enabled=1，且无专属来源说明,传奇名+底材精确匹配,https://www.poewiki.net/wiki/Maw_of_Conquest,2026-09-03
The Restless Ward,Carnal Armour,普通掉落,Wiki drop_enabled=1，且无专属来源说明,传奇名+底材精确匹配,https://www.poewiki.net/wiki/The_Restless_Ward,2026-09-03
Actum,Butcher Axe,其它掉落,Actum can be obtained from Curio Displays in the final reward rooms of any Grand Heist.,传奇名+底材精确匹配,https://www.poewiki.net/wiki/Actum,2026-09-03
The Stampede,Assassin's Boots,其它掉落,Can drop after completing a Blight encounter in a Blighted map.,传奇名+底材精确匹配,https://www.poewiki.net/wiki/The_Stampede,2026-09-03
Speaker's Wreath,Prophet Crown,普通掉落,Wiki drop_enabled=1，且无专属来源说明,传奇名+底材精确匹配,https://www.poewiki.net/wiki/Speaker's_Wreath,2026-09-03
Replica Innsbury Edge,Elder Sword,其它掉落,Replicas can be obtained from Curio Displays in the final reward rooms of any Grand Heist.,传奇名+底材精确匹配,https://www.poewiki.net/wiki/Replica_Innsbury_Edge,2026-09-03
Cerberus Limb,Blood Sceptre,BOSS掉落,"Cerberus Limb drops from Ahuatotli, the Blind, the most common boss among the 3 bosses of the Azurite Mine. His node, The Grand Architect's Temple, can potentially spawn in the Vaal Outpost biome.",传奇名+底材精确匹配,https://www.poewiki.net/wiki/Cerberus_Limb,2026-09-03
Replica Kalisa's Grace,Samite Gloves,其它掉落,Replicas can be obtained from Curio Displays in the final reward rooms of any Grand Heist.,传奇名+底材精确匹配,https://www.poewiki.net/wiki/Replica_Kalisa's_Grace,2026-09-03
Rive,Terror Claw,普通掉落,Wiki drop_enabled=1，且无专属来源说明,传奇名+底材精确匹配,https://www.poewiki.net/wiki/Rive,2026-09-03
The Oppressor,Elegant Round Shield,普通掉落,Wiki drop_enabled=1，且无专属来源说明,传奇名+底材精确匹配,https://www.poewiki.net/wiki/The_Oppressor,2026-09-03
Mercenary's Lot,Slink Gloves,普通掉落,Wiki drop_enabled=1，且无专属来源说明,传奇名+底材精确匹配,https://www.poewiki.net/wiki/Mercenary's_Lot,2026-09-03
Jaws of Agony,Supreme Spiked Shield,普通掉落,Wiki drop_enabled=1，且无专属来源说明,传奇名+底材精确匹配,https://www.poewiki.net/wiki/Jaws_of_Agony,2026-09-03
Singularity,Platinum Sceptre,普通掉落,Wiki drop_enabled=1，且无专属来源说明,传奇名+底材精确匹配,https://www.poewiki.net/wiki/Singularity,2026-09-03
Hyaon's Fury,Legion Sword,普通掉落,Wiki drop_enabled=1，且无专属来源说明,传奇名+底材精确匹配,https://www.poewiki.net/wiki/Hyaon's_Fury,2026-09-03
Apep's Slumber,Vaal Spirit Shield,其它掉落,Apep's Slumber can only be obtained from a chest inside the tier 3 incursion room Toxic Grove (upgraded from Poison Garden and Cultivar Chamber).,传奇名+底材精确匹配,https://www.poewiki.net/wiki/Apep's_Slumber,2026-09-03
Belly of the Beast,Full Wyrmscale,普通掉落,Wiki drop_enabled=1，且无专属来源说明,传奇名+底材精确匹配,https://www.poewiki.net/wiki/Belly_of_the_Beast,2026-09-03
Redblade Tramplers,Ancient Greaves,其它掉落,"Redblade unique items are dropped from Redblade Warbands (some items are restricted to Redblade bosses only). Redblade Warbands can be encountered in 16x16px|link=|alt=Lighthouse Map Lighthouse Map Map Tier: 4 Monster Level: 71 Guild Character : F Travel to this Map by using it in the Templar Laboratory or a personal Map Device. Maps can only be used once. 78x78px|link=|alt=|class=item-icon or specific unique strongbox. There are additional ways to spawn random Warbands, r...",传奇名+底材精确匹配,https://www.poewiki.net/wiki/Redblade_Tramplers,2026-09-03
Replica Soul Tether,Cloth Belt,其它掉落,Replicas can be obtained from Curio Displays in the final reward rooms of any Grand Heist.,传奇名+底材精确匹配,https://www.poewiki.net/wiki/Replica_Soul_Tether,2026-09-03
Haunting Memories,Turquoise Amulet,BOSS掉落,Drops from Uber Incarnation of Neglect.,传奇名+底材精确匹配,https://www.poewiki.net/wiki/Haunting_Memories,2026-09-03
The Magnate,Studded Belt,普通掉落,Wiki drop_enabled=1，且无专属来源说明,传奇名+底材精确匹配,https://www.poewiki.net/wiki/The_Magnate,2026-09-03
The Torrent's Reclamation,Cloth Belt,普通掉落,Wiki drop_enabled=1，且无专属来源说明,传奇名+底材精确匹配,https://www.poewiki.net/wiki/The_Torrent's_Reclamation,2026-09-03
Perseverance,Vanguard Belt,普通掉落,Wiki drop_enabled=1，且无专属来源说明,传奇名+底材精确匹配,https://www.poewiki.net/wiki/Perseverance,2026-09-03
Willowgift,Jade Amulet,普通掉落,Wiki drop_enabled=1，且无专属来源说明,传奇名+底材精确匹配,https://www.poewiki.net/wiki/Willowgift,2026-09-03
Kaom's Binding,Heavy Belt,普通掉落,Wiki drop_enabled=1，且无专属来源说明,传奇名+底材精确匹配,https://www.poewiki.net/wiki/Kaom's_Binding,2026-09-03
Veruso's Battering Rams,Titan Gauntlets,普通掉落,Wiki drop_enabled=1，且无专属来源说明,传奇名+底材精确匹配,https://www.poewiki.net/wiki/Veruso's_Battering_Rams,2026-09-03
Asenath's Mark,Iron Circlet,普通掉落,Wiki drop_enabled=1，且无专属来源说明,传奇名+底材精确匹配,https://www.poewiki.net/wiki/Asenath's_Mark,2026-09-03
Uzaza's Valley,Sapphire Ring,普通掉落,Wiki drop_enabled=1，且无专属来源说明,传奇名+底材精确匹配,https://www.poewiki.net/wiki/Uzaza's_Valley,2026-09-03
Tawhoa's Felling,Piledriver,其它掉落,Obtained randomly as a reward for shipping resources from Kingsmarch to Ngakanu or Te Onui.,传奇名+底材精确匹配,https://www.poewiki.net/wiki/Tawhoa's_Felling,2026-09-03
Slavedriver's Hand,Ambush Mitts,普通掉落,Wiki drop_enabled=1，且无专属来源说明,传奇名+底材精确匹配,https://www.poewiki.net/wiki/Slavedriver's_Hand,2026-09-03
The Tempest's Binding,Callous Mask,普通掉落,Wiki drop_enabled=1，且无专属来源说明,传奇名+底材精确匹配,https://www.poewiki.net/wiki/The_Tempest's_Binding,2026-09-03
Replica Dragonfang's Flight,Onyx Amulet,普通掉落,Wiki drop_enabled=1，且无专属来源说明,传奇名+底材精确匹配,https://www.poewiki.net/wiki/Replica_Dragonfang's_Flight,2026-09-03
Nuro's Harp,Harbinger Bow,普通掉落,Wiki drop_enabled=1，且无专属来源说明,传奇名+底材精确匹配,https://www.poewiki.net/wiki/Nuro's_Harp,2026-09-03
Choir of the Storm,Lapis Amulet,其它掉落,"Can be obtained from the Genesis Tree using an Ancient Wombgift, Grasping Coffers in Hive Fortresses or Hive Colony, or as a random drop from It That Was Esh and It That Was Tul.",传奇名+底材精确匹配,https://www.poewiki.net/wiki/Choir_of_the_Storm,2026-09-03
Soulwrest,Ezomyte Staff,其它掉落,Delve league-specific Uniques can also drop deterministically from certain chests in Delve.,传奇名+底材精确匹配,https://www.poewiki.net/wiki/Soulwrest,2026-09-03
Cane of Unravelling,Ezomyte Staff,普通掉落,Wiki drop_enabled=1，且无专属来源说明,传奇名+底材精确匹配,https://www.poewiki.net/wiki/Cane_of_Unravelling,2026-09-03
Scaeva,Gladius,普通掉落,Wiki drop_enabled=1，且无专属来源说明,传奇名+底材精确匹配,https://www.poewiki.net/wiki/Scaeva,2026-09-03
Cowl of the Thermophile,Ezomyte Burgonet,其它掉落,Can drop after completing a Blight encounter in a Blighted map.,传奇名+底材精确匹配,https://www.poewiki.net/wiki/Cowl_of_the_Thermophile,2026-09-03
Cowl of the Cryophile,Silken Hood,其它掉落,Can drop after completing a Blight encounter in a Blighted map.,传奇名+底材精确匹配,https://www.poewiki.net/wiki/Cowl_of_the_Cryophile,2026-09-03
Starkonja's Head,Silken Hood,普通掉落,Wiki drop_enabled=1，且无专属来源说明,传奇名+底材精确匹配,https://www.poewiki.net/wiki/Starkonja's_Head,2026-09-03
The Blood Dance,Sharkskin Boots,普通掉落,Wiki drop_enabled=1，且无专属来源说明,传奇名+底材精确匹配,https://www.poewiki.net/wiki/The_Blood_Dance,2026-09-03
Brinerot Mark,Unset Ring,其它掉落,"Drop from Brinerot Warband monsters, such as from unique strongbox, Kirac's mod, or 16x16px|link=|alt=Shipyard Map Shipyard Map Map Tier: 10 Monster Level: 77 Guild Character : v Travel to this Map by using it in the Templar Laboratory or a personal Map Device. Maps can only be used once. 78x78px|link=|alt=|class=item-icon , etc.",传奇名+底材精确匹配,https://www.poewiki.net/wiki/Brinerot_Mark,2026-09-03
Mutewind Seal,Unset Ring,其它掉落,"Drop from Mutewind warband leaders, which can be encountered from Mutewind Retreat or Mutewind Base Azurite Mine nodes, from opening Mutewind Cache unique strongbox, and from 16x16px|link=|alt=Iceberg Map Iceberg Map Map Tier: 3 Monster Level: 70 Guild Character : H Travel to this Map by using it in the Templar Laboratory or a personal Map Device. Maps can only be used once. 78x78px|link=|alt=|class=item-icon , etc.",传奇名+底材精确匹配,https://www.poewiki.net/wiki/Mutewind_Seal,2026-09-03
Redblade Band,Unset Ring,其它掉落,"Redblade unique items are dropped from Redblade Warbands, which can be encountered in 16x16px|link=|alt=Lighthouse Map Lighthouse Map Map Tier: 4 Monster Level: 71 Guild Character : F Travel to this Map by using it in the Templar Laboratory or a personal Map Device. Maps can only be used once. 78x78px|link=|alt=|class=item-icon or specific unique strongbox. There are additional ways to spawn random Warbands, read the article for details.",传奇名+底材精确匹配,https://www.poewiki.net/wiki/Redblade_Band,2026-09-03
Tavukai,Coral Amulet,普通掉落,Wiki drop_enabled=1，且无专属来源说明,传奇名+底材精确匹配,https://www.poewiki.net/wiki/Tavukai,2026-09-03
Oro's Sacrifice,Infernal Sword,普通掉落,Wiki drop_enabled=1，且无专属来源说明,传奇名+底材精确匹配,https://www.poewiki.net/wiki/Oro's_Sacrifice,2026-09-03
Surgebinders,Dragonscale Gauntlets,普通掉落,Wiki drop_enabled=1，且无专属来源说明,传奇名+底材精确匹配,https://www.poewiki.net/wiki/Surgebinders,2026-09-03
The Perfect Form,Zodiac Leather,其它掉落,"Can be obtained from the Genesis Tree using an Ancient Wombgift, Grasping Coffers in Hive Fortresses or Hive Colony, or as a random drop from It That Was Esh and It That Was Tul.",传奇名+底材精确匹配,https://www.poewiki.net/wiki/The_Perfect_Form,2026-09-03
The Formless Inferno,Royal Burgonet,其它掉落,"Can be obtained from the Genesis Tree using an Ancient Wombgift, Grasping Coffers in Hive Fortresses or Hive Colony, or as a random drop from It That Was Esh and It That Was Tul.",传奇名+底材精确匹配,https://www.poewiki.net/wiki/The_Formless_Inferno,2026-09-03
Piscator's Vigil,Kinetic Wand,普通掉落,Wiki drop_enabled=1，且无专属来源说明,传奇名+底材精确匹配,https://www.poewiki.net/wiki/Piscator's_Vigil,2026-09-03
The Dancing Dervish,Reaver Sword,普通掉落,Wiki drop_enabled=1，且无专属来源说明,传奇名+底材精确匹配,https://www.poewiki.net/wiki/The_Dancing_Dervish,2026-09-03
Hiltless,Reaver Sword,普通掉落,Wiki drop_enabled=1，且无专属来源说明,传奇名+底材精确匹配,https://www.poewiki.net/wiki/Hiltless,2026-09-03
Cowl of the Ceraunophile,Solaris Circlet,其它掉落,Can drop after completing a Blight encounter in a Blighted map.,传奇名+底材精确匹配,https://www.poewiki.net/wiki/Cowl_of_the_Ceraunophile,2026-09-03
Dendrobate,Sentinel Jacket,普通掉落,Wiki drop_enabled=1，且无专属来源说明,传奇名+底材精确匹配,https://www.poewiki.net/wiki/Dendrobate,2026-09-03
Volkuur's Guidance,Zealot Gloves,普通掉落,Wiki drop_enabled=1，且无专属来源说明,传奇名+底材精确匹配,https://www.poewiki.net/wiki/Volkuur's_Guidance_(Cold),2026-09-03
Replica Volkuur's Guidance,Zealot Gloves,其它掉落,Replicas can be obtained from Curio Displays in the final reward rooms of any Grand Heist.,传奇名+底材精确匹配,https://www.poewiki.net/wiki/Replica_Volkuur's_Guidance,2026-09-03
Haemophilia,Serpentscale Gauntlets,普通掉落,Wiki drop_enabled=1，且无专属来源说明,传奇名+底材精确匹配,https://www.poewiki.net/wiki/Haemophilia,2026-09-03
Debeon's Dirge,Despot Axe,普通掉落,Wiki drop_enabled=1，且无专属来源说明,传奇名+底材精确匹配,https://www.poewiki.net/wiki/Debeon's_Dirge,2026-09-03
Allure,Vaal Claw,普通掉落,Wiki drop_enabled=1，且无专属来源说明,传奇名+底材精确匹配,https://www.poewiki.net/wiki/Allure,2026-09-03
Callinellus Malleus,Auric Mace,普通掉落,Wiki drop_enabled=1，且无专属来源说明,传奇名+底材精确匹配,https://www.poewiki.net/wiki/Callinellus_Malleus,2026-09-03
White Wind,Imperial Skean,普通掉落,Wiki drop_enabled=1，且无专属来源说明,传奇名+底材精确匹配,https://www.poewiki.net/wiki/White_Wind,2026-09-03
Uul-Netol's Embrace,Vaal Axe,其它掉落,"Can be obtained from the Genesis Tree using an Ancient Wombgift, Grasping Coffers in Hive Fortresses or Hive Colony, or as a random drop from It That Was Esh and It That Was Tul.",传奇名+底材精确匹配,https://www.poewiki.net/wiki/Uul-Netol's_Embrace,2026-09-03
Eye of Innocence,Citrine Amulet,普通掉落,Wiki drop_enabled=1，且无专属来源说明,传奇名+底材精确匹配,https://www.poewiki.net/wiki/Eye_of_Innocence,2026-09-03
The Gluttonous Tide,Citadel Bow,普通掉落,Wiki drop_enabled=1，且无专属来源说明,传奇名+底材精确匹配,https://www.poewiki.net/wiki/The_Gluttonous_Tide,2026-09-03
Ichimonji,Corsair Sword,普通掉落,Wiki drop_enabled=1，且无专属来源说明,传奇名+底材精确匹配,https://www.poewiki.net/wiki/Ichimonji,2026-09-03
Mask of the Spirit Drinker,Magistrate Crown,其它掉落,Mask of the Spirit Drinker can only be obtained from a chest inside the tier 3 incursion room Sanctum of Immortality (upgraded from Pools of Restoration).,传奇名+底材精确匹配,https://www.poewiki.net/wiki/Mask_of_the_Spirit_Drinker,2026-09-03
Snakebite,Assassin's Mitts,普通掉落,Wiki drop_enabled=1，且无专属来源说明,传奇名+底材精确匹配,https://www.poewiki.net/wiki/Snakebite,2026-09-03
The Ghastly Theatre,Teak Round Shield,其它掉落,Can be obtained by taking this item from a mercenary with this item equipped after winning a duel.,传奇名+底材精确匹配,https://www.poewiki.net/wiki/The_Ghastly_Theatre,2026-09-03
Mutewind Whispersteps,Serpentscale Boots,其它掉落,"Mutewind warband can be encountered from specific prophecies, Mutewind Retreat or Mutewind Base Azurite Mine nodes, from opening Mutewind Cache, and from 16x16px|link=|alt=Iceberg Map Iceberg Map Map Tier: 3 Monster Level: 70 Guild Character : H Travel to this Map by using it in the Templar Laboratory or a personal Map Device. Maps can only be used once. 78x78px|link=|alt=|class=item-icon .",传奇名+底材精确匹配,https://www.poewiki.net/wiki/Mutewind_Whispersteps,2026-09-03
Mutewind Pennant,Enameled Buckler,其它掉落,"Mutewind warband can be encountered from Mutewind Retreat or Mutewind Base Azurite Mine nodes, or from opening Mutewind Cache Strongbox, and from 16x16px|link=|alt=Iceberg Map Iceberg Map Map Tier: 3 Monster Level: 70 Guild Character : H Travel to this Map by using it in the Templar Laboratory or a personal Map Device. Maps can only be used once. 78x78px|link=|alt=|class=item-icon .",传奇名+底材精确匹配,https://www.poewiki.net/wiki/Mutewind_Pennant,2026-09-03
Replica Emberwake,Ruby Ring,其它掉落,Replicas can be obtained from Curio Displays in the final reward rooms of any Grand Heist.,传奇名+底材精确匹配,https://www.poewiki.net/wiki/Replica_Emberwake,2026-09-03
Atziri's Foible,Paua Amulet,普通掉落,Wiki drop_enabled=1，且无专属来源说明,传奇名+底材精确匹配,https://www.poewiki.net/wiki/Atziri's_Foible,2026-09-03
Kiloava's Bluster,Ironwood Buckler,普通掉落,Wiki drop_enabled=1，且无专属来源说明,传奇名+底材精确匹配,https://www.poewiki.net/wiki/Kiloava's_Bluster,2026-09-03
Null and Void,Legion Gloves,普通掉落,Wiki drop_enabled=1，且无专属来源说明,传奇名+底材精确匹配,https://www.poewiki.net/wiki/Null_and_Void,2026-09-03
Tremor Rod,Military Staff,普通掉落,Wiki drop_enabled=1，且无专属来源说明,传奇名+底材精确匹配,https://www.poewiki.net/wiki/Tremor_Rod,2026-09-03
Nycta's Lantern,Crystal Sceptre,普通掉落,Wiki drop_enabled=1，且无专属来源说明,传奇名+底材精确匹配,https://www.poewiki.net/wiki/Nycta's_Lantern,2026-09-03
The Supreme Truth,Crystal Sceptre,普通掉落,Wiki drop_enabled=1，且无专属来源说明,传奇名+底材精确匹配,https://www.poewiki.net/wiki/The_Supreme_Truth,2026-09-03
Allelopathy,Satin Gloves,普通掉落,Wiki drop_enabled=1，且无专属来源说明,传奇名+底材精确匹配,https://www.poewiki.net/wiki/Allelopathy,2026-09-03
Replica Allelopathy,Satin Gloves,其它掉落,Replicas can be obtained from Curio Displays in the final reward rooms of any Grand Heist.,传奇名+底材精确匹配,https://www.poewiki.net/wiki/Replica_Allelopathy,2026-09-03
Brinerot Whalers,Trapper Boots,其它掉落,"Drop from Brinerot Warband monsters, such as from Brinerot Cache unique strongbox, Kirac's mod, Brinerot Warband Delve node, or 16x16px|link=|alt=Shipyard Map Shipyard Map Map Tier: 10 Monster Level: 77 Guild Character : v Travel to this Map by using it in the Templar Laboratory or a personal Map Device. Maps can only be used once. 78x78px|link=|alt=|class=item-icon , etc.",传奇名+底材精确匹配,https://www.poewiki.net/wiki/Brinerot_Whalers,2026-09-03
Profane Proxy,Unset Ring,普通掉落,Wiki drop_enabled=1，且无专属来源说明,传奇名+底材精确匹配,https://www.poewiki.net/wiki/Profane_Proxy,2026-09-03
Mark of the Doubting Knight,Platinum Kris,普通掉落,Wiki drop_enabled=1，且无专属来源说明,传奇名+底材精确匹配,https://www.poewiki.net/wiki/Mark_of_the_Doubting_Knight,2026-09-03
Esh's Visage,Vaal Spirit Shield,其它掉落,"Can be obtained from the Genesis Tree using an Ancient Wombgift, Grasping Coffers in Hive Fortresses or Hive Colony, or as a random drop from It That Was Esh and It That Was Tul.",传奇名+底材精确匹配,https://www.poewiki.net/wiki/Esh's_Visage,2026-09-03
The Ephemeral Bond,Lapis Amulet,普通掉落,Wiki drop_enabled=1，且无专属来源说明,传奇名+底材精确匹配,https://www.poewiki.net/wiki/The_Ephemeral_Bond,2026-09-03
Story of the Vaal,Gemstone Sword,其它掉落,Story of the Vaal can only be obtained from a chest inside the tier 3 incursion room Crucible of Flame (upgraded from Flame Workshop).,传奇名+底材精确匹配,https://www.poewiki.net/wiki/Story_of_the_Vaal,2026-09-03
Greed's Embrace,Golden Plate,普通掉落,Wiki drop_enabled=1，且无专属来源说明,传奇名+底材精确匹配,https://www.poewiki.net/wiki/Greed's_Embrace,2026-09-03
Trypanon,Great Mallet,普通掉落,Wiki drop_enabled=1，且无专属来源说明,传奇名+底材精确匹配,https://www.poewiki.net/wiki/Trypanon,2026-09-03
Blood Price,Reaver Helmet,普通掉落,Wiki drop_enabled=1，且无专属来源说明,传奇名+底材精确匹配,https://www.poewiki.net/wiki/Blood_Price,2026-09-03
The Broken Crown,Prophet Crown,普通掉落,Wiki drop_enabled=1，且无专属来源说明,传奇名+底材精确匹配,https://www.poewiki.net/wiki/The_Broken_Crown,2026-09-03
Thousand Teeth Temu,Vaal Buckler,普通掉落,Wiki drop_enabled=1，且无专属来源说明,传奇名+底材精确匹配,https://www.poewiki.net/wiki/Thousand_Teeth_Temu,2026-09-03
Bloodgrip,Marble Amulet,普通掉落,Wiki drop_enabled=1，且无专属来源说明,传奇名+底材精确匹配,https://www.poewiki.net/wiki/Bloodgrip,2026-09-03
Dance of the Offered,Carnal Boots,其它掉落,"Dance of the Offered can only be obtained from a chest of the Conduit of Lightning, a tier 3 incursion room (upgraded from Lightning Workshop and Omnitect Reactor Plant).",传奇名+底材精确匹配,https://www.poewiki.net/wiki/Dance_of_the_Offered,2026-09-03
Voidbringer,Conjurer Gloves,普通掉落,Wiki drop_enabled=1，且无专属来源说明,传奇名+底材精确匹配,https://www.poewiki.net/wiki/Voidbringer,2026-09-03
Admiral's Arrogance,Antique Gauntlets,普通掉落,Wiki drop_enabled=1，且无专属来源说明,传奇名+底材精确匹配,https://www.poewiki.net/wiki/Admiral's_Arrogance,2026-09-03
The Caged Mammoth,Antique Gauntlets,BOSS掉落,Drops from Uber Incarnation of Fear.,传奇名+底材精确匹配,https://www.poewiki.net/wiki/The_Caged_Mammoth,2026-09-03
The Poised Prism,Primal Arrow Quiver,普通掉落,Wiki drop_enabled=1，且无专属来源说明,传奇名+底材精确匹配,https://www.poewiki.net/wiki/The_Poised_Prism,2026-09-03
Andvarius,Gold Ring,普通掉落,Wiki drop_enabled=1，且无专属来源说明,传奇名+底材精确匹配,https://www.poewiki.net/wiki/Andvarius,2026-09-03
Chin Sol,Assassin Bow,普通掉落,Wiki drop_enabled=1，且无专属来源说明,传奇名+底材精确匹配,https://www.poewiki.net/wiki/Chin_Sol,2026-09-03
Wings of Entropy,Ezomyte Axe,普通掉落,Wiki drop_enabled=1，且无专属来源说明,传奇名+底材精确匹配,https://www.poewiki.net/wiki/Wings_of_Entropy,2026-09-03
Sinvicta's Mettle,Ezomyte Axe,普通掉落,Wiki drop_enabled=1，且无专属来源说明,传奇名+底材精确匹配,https://www.poewiki.net/wiki/Sinvicta's_Mettle,2026-09-03
Sin Trek,Stealth Boots,普通掉落,Wiki drop_enabled=1，且无专属来源说明,传奇名+底材精确匹配,https://www.poewiki.net/wiki/Sin_Trek,2026-09-03
Voidhome,Dread Maul,普通掉落,Wiki drop_enabled=1，且无专属来源说明,传奇名+底材精确匹配,https://www.poewiki.net/wiki/Voidhome,2026-09-03
Ventor's Gamble,Gold Ring,普通掉落,Wiki drop_enabled=1，且无专属来源说明,传奇名+底材精确匹配,https://www.poewiki.net/wiki/Ventor's_Gamble,2026-09-03
Bound Fate,Cloth Belt,普通掉落,Wiki drop_enabled=1，且无专属来源说明,传奇名+底材精确匹配,https://www.poewiki.net/wiki/Bound_Fate,2026-09-03
Kondo's Pride,Ezomyte Blade,普通掉落,Wiki drop_enabled=1，且无专属来源说明,传奇名+底材精确匹配,https://www.poewiki.net/wiki/Kondo's_Pride,2026-09-03
Kingsguard,Conquest Chainmail,普通掉落,Wiki drop_enabled=1，且无专属来源说明,传奇名+底材精确匹配,https://www.poewiki.net/wiki/Kingsguard,2026-09-03
Chernobog's Pillar,Ebony Tower Shield,普通掉落,Wiki drop_enabled=1，且无专属来源说明,传奇名+底材精确匹配,https://www.poewiki.net/wiki/Chernobog's_Pillar,2026-09-03
Serle's Masterwork,Phantom Mace,其它掉落,Wiki drop_enabled!=1；不属于当前普通掉落池,传奇名+底材精确匹配,https://www.poewiki.net/wiki/Serle's_Masterwork,2026-09-03
The Consuming Dark,Fiend Dagger,普通掉落,Wiki drop_enabled=1，且无专属来源说明,传奇名+底材精确匹配,https://www.poewiki.net/wiki/The_Consuming_Dark,2026-09-03
The Coming Calamity,Destroyer Regalia,普通掉落,Wiki drop_enabled=1，且无专属来源说明,传奇名+底材精确匹配,https://www.poewiki.net/wiki/The_Coming_Calamity,2026-09-03
Bronn's Lithe,Cutthroat's Garb,普通掉落,Wiki drop_enabled=1，且无专属来源说明,传奇名+底材精确匹配,https://www.poewiki.net/wiki/Bronn's_Lithe,2026-09-03
Geofri's Crest,Great Crown,普通掉落,Wiki drop_enabled=1，且无专属来源说明,传奇名+底材精确匹配,https://www.poewiki.net/wiki/Geofri's_Crest,2026-09-03
Replica Harvest,Jasper Chopper,其它掉落,Replicas can be obtained from Curio Displays in the final reward rooms of any Grand Heist.,传奇名+底材精确匹配,https://www.poewiki.net/wiki/Replica_Harvest,2026-09-03
Command of the Pit,Riveted Gloves,普通掉落,Wiki drop_enabled=1，且无专属来源说明,传奇名+底材精确匹配,https://www.poewiki.net/wiki/Command_of_the_Pit_(1_Abyssal_Socket),2026-09-03
Soul Strike,Spike-Point Arrow Quiver,普通掉落,Wiki drop_enabled=1，且无专属来源说明,传奇名+底材精确匹配,https://www.poewiki.net/wiki/Soul_Strike,2026-09-03
Hyrri's Truth,Jade Amulet,普通掉落,Wiki drop_enabled=1，且无专属来源说明,传奇名+底材精确匹配,https://www.poewiki.net/wiki/Hyrri's_Truth,2026-09-03
Soul Tether,Cloth Belt,普通掉落,Wiki drop_enabled=1，且无专属来源说明,传奇名+底材精确匹配,https://www.poewiki.net/wiki/Soul_Tether,2026-09-03
The Jinxed Juju,Citrine Amulet,普通掉落,Wiki drop_enabled=1，且无专属来源说明,传奇名+底材精确匹配,https://www.poewiki.net/wiki/The_Jinxed_Juju,2026-09-03
Rashkaldor's Patience,Jade Amulet,普通掉落,Wiki drop_enabled=1，且无专属来源说明,传奇名+底材精确匹配,https://www.poewiki.net/wiki/Rashkaldor's_Patience,2026-09-03
The Redblade,Gladius,其它掉落,Wiki drop_enabled!=1；不属于当前普通掉落池,传奇名+底材精确匹配,https://www.poewiki.net/wiki/The_Redblade,2026-09-03
Cameria's Maul,Gavel,普通掉落,Wiki drop_enabled=1，且无专属来源说明,传奇名+底材精确匹配,https://www.poewiki.net/wiki/Cameria's_Maul,2026-09-03
Taproot,Ambusher,普通掉落,Wiki drop_enabled=1，且无专属来源说明,传奇名+底材精确匹配,https://www.poewiki.net/wiki/Taproot,2026-09-03
The Wasp Nest,Throat Stabber,普通掉落,Wiki drop_enabled=1，且无专属来源说明,传奇名+底材精确匹配,https://www.poewiki.net/wiki/The_Wasp_Nest,2026-09-03
Balefire,Opal Sceptre,普通掉落,Wiki drop_enabled=1，且无专属来源说明,传奇名+底材精确匹配,https://www.poewiki.net/wiki/Balefire,2026-09-03
Goblinedge,Ambusher,普通掉落,Wiki drop_enabled=1，且无专属来源说明,传奇名+底材精确匹配,https://www.poewiki.net/wiki/Goblinedge,2026-09-03
Victario's Influence,Lacquered Garb,普通掉落,Wiki drop_enabled=1，且无专属来源说明,传奇名+底材精确匹配,https://www.poewiki.net/wiki/Victario's_Influence,2026-09-03
Crown of the Pale King,Regicide Mask,普通掉落,Wiki drop_enabled=1，且无专属来源说明,传奇名+底材精确匹配,https://www.poewiki.net/wiki/Crown_of_the_Pale_King,2026-09-03
Oskarm,Nubuck Gloves,普通掉落,Wiki drop_enabled=1，且无专属来源说明,传奇名+底材精确匹配,https://www.poewiki.net/wiki/Oskarm,2026-09-03
Khatal's Weeping,Lapis Amulet,其它掉落,Drops from Mirage encounters.,传奇名+底材精确匹配,https://www.poewiki.net/wiki/Khatal's_Weeping,2026-09-03
Khatal's Geyser,Lapis Amulet,其它掉落,"Obtained by using a 16x16px|link=|alt=Coin of Restoration Coin of Restoration Stack Size: 10 Restores an Afarud Unique item to its past Maraketh form ""Drain away the sands of Time, restore that which is now mine!"" Right click this item then left click a valid Afarud Unique item to restore it to its Maraketh form. 78x78px|link=|alt=|class=item-icon on 16x16px|link=|alt=Khatal's Weeping Khatal's Weeping Lapis Amulet Requires Level 56 +(20-30) to Intelligence +(80-100) to max...",传奇名+底材精确匹配,https://www.poewiki.net/wiki/Khatal's_Geyser,2026-09-03
Aurseize,Steelscale Gauntlets,普通掉落,Wiki drop_enabled=1，且无专属来源说明,传奇名+底材精确匹配,https://www.poewiki.net/wiki/Aurseize,2026-09-03
Tombfist,Steelscale Gauntlets,BOSS掉落,Has a chance to drop from Abyssal Depths bosses.,传奇名+底材精确匹配,https://www.poewiki.net/wiki/Tombfist_(1_Abyssal_Socket),2026-09-03
Vixen's Entrapment,Embroidered Gloves,普通掉落,Wiki drop_enabled=1，且无专属来源说明,传奇名+底材精确匹配,https://www.poewiki.net/wiki/Vixen's_Entrapment,2026-09-03
Replica Siegebreaker,Heavy Belt,其它掉落,Replicas can be obtained from Curio Displays in the final reward rooms of any Grand Heist.,传奇名+底材精确匹配,https://www.poewiki.net/wiki/Replica_Siegebreaker,2026-09-03
Replica Soul Taker,Siege Axe,其它掉落,Replicas can be obtained from Curio Displays in the final reward rooms of any Grand Heist.,传奇名+底材精确匹配,https://www.poewiki.net/wiki/Replica_Soul_Taker,2026-09-03
Obliteration,Omen Wand,普通掉落,Wiki drop_enabled=1，且无专属来源说明,传奇名+底材精确匹配,https://www.poewiki.net/wiki/Obliteration,2026-09-03
Moonsorrow,Imbued Wand,普通掉落,Wiki drop_enabled=1，且无专属来源说明,按传奇名回退匹配（底材版本不同）,https://www.poewiki.net/wiki/Moonsorrow,2026-09-03
The Fledgling,Lacquered Helmet,BOSS掉落,"This helmet drops from Nashta, The Usurper, the boss of 16x16px|link=|alt=Contract: Heart of Glory Contract: Heart of Glory Familial Contract Client: Adiyah Heist Target: Confront Nashta Area Level: 81 Requires Perception (Level 4 ) Requires Adiyah, the Wayfinder ""A part of me still believes I can convince Nashta to give up her rebellious ways and come home. That part of me will forever be nine years of age, futilely chasing her as she runs off into the dunes yet again."" G...",传奇名+底材精确匹配,https://www.poewiki.net/wiki/The_Fledgling,2026-09-03
Replica Earendel's Embrace,Grinning Fetish,其它掉落,Replicas can be obtained from Curio Displays in the final reward rooms of any Grand Heist.,传奇名+底材精确匹配,https://www.poewiki.net/wiki/Replica_Earendel's_Embrace,2026-09-03
Voll's Protector,Holy Chainmail,普通掉落,Wiki drop_enabled=1，且无专属来源说明,传奇名+底材精确匹配,https://www.poewiki.net/wiki/Voll's_Protector,2026-09-03
Meginord's Vise,Steel Gauntlets,普通掉落,Wiki drop_enabled=1，且无专属来源说明,传奇名+底材精确匹配,https://www.poewiki.net/wiki/Meginord's_Vise,2026-09-03
Redblade Banner,Painted Tower Shield,其它掉落,"Redblade unique items are dropped from Redblade Warbands (some items are restricted to Redblade bosses only). Redblade Warbands can be encountered in 16x16px|link=|alt=Lighthouse Map Lighthouse Map Map Tier: 4 Monster Level: 71 Guild Character : F Travel to this Map by using it in the Templar Laboratory or a personal Map Device. Maps can only be used once. 78x78px|link=|alt=|class=item-icon or specific unique strongbox. There are additional ways to spawn random Warbands, r...",传奇名+底材精确匹配,https://www.poewiki.net/wiki/Redblade_Banner,2026-09-03
The Burden of Shadows,Primordial Staff,BOSS掉落,Drops from The King in the Mists in the Crux of Nothingness.,传奇名+底材精确匹配,https://www.poewiki.net/wiki/The_Burden_of_Shadows,2026-09-03
Femurs of the Saints,Primordial Staff,普通掉落,Wiki drop_enabled=1，且无专属来源说明,传奇名+底材精确匹配,https://www.poewiki.net/wiki/Femurs_of_the_Saints,2026-09-03
Sign of the Sin Eater,Tyrant's Sekhem,普通掉落,Wiki drop_enabled=1，且无专属来源说明,传奇名+底材精确匹配,https://www.poewiki.net/wiki/Sign_of_the_Sin_Eater,2026-09-03
Rotting Legion,Loricated Ringmail,其它掉落,Wiki drop_enabled!=1；不属于当前普通掉落池,传奇名+底材精确匹配,https://www.poewiki.net/wiki/Rotting_Legion,2026-09-03
March of the Legion,Legion Boots,普通掉落,Wiki drop_enabled=1，且无专属来源说明,传奇名+底材精确匹配,https://www.poewiki.net/wiki/March_of_the_Legion,2026-09-03
Gang's Momentum,Legion Boots,普通掉落,Wiki drop_enabled=1，且无专属来源说明,传奇名+底材精确匹配,https://www.poewiki.net/wiki/Gang's_Momentum,2026-09-03
Nametaker,Graceful Sword,其它掉落,Drops from enemies native to the Viridian Wildwood or Ritual encounters.,传奇名+底材精确匹配,https://www.poewiki.net/wiki/Nametaker,2026-09-03
Frostbreath,Ornate Mace,普通掉落,Wiki drop_enabled=1，且无专属来源说明,传奇名+底材精确匹配,https://www.poewiki.net/wiki/Frostbreath,2026-09-03
Scorpion's Call,Heavy Arrow Quiver,普通掉落,Wiki drop_enabled=1，且无专属来源说明,传奇名+底材精确匹配,https://www.poewiki.net/wiki/Scorpion's_Call,2026-09-03
Replica Malachai's Artifice,Unset Ring,其它掉落,Replicas can be obtained from Curio Displays in the final reward rooms of any Grand Heist.,传奇名+底材精确匹配,https://www.poewiki.net/wiki/Replica_Malachai's_Artifice,2026-09-03
Rotblood Promise,Unset Ring,其它掉落,Available as a reward from Rituals.,传奇名+底材精确匹配,https://www.poewiki.net/wiki/Rotblood_Promise,2026-09-03
Replica Voideye,Unset Ring,其它掉落,Replicas can be obtained from Curio Displays in the final reward rooms of any Grand Heist.,传奇名+底材精确匹配,https://www.poewiki.net/wiki/Replica_Voideye,2026-09-03
Vivinsect,Unset Ring,其它掉落,Drops from executed Safehouse leaders in Research Safehouses. Only obtainable from Safehouses of area level 78 or higher.,传奇名+底材精确匹配,https://www.poewiki.net/wiki/Vivinsect,2026-09-03
Triumvirate Authority,Unset Ring,BOSS掉落,Only drops from regular Atziri in the Apex of Sacrifice or Incursion Atziri in the Throne of Atziri (in the Temple of Atzoatl)；This 4 random modifier variant only drops from Uber Atziri.,传奇名+底材精确匹配,https://www.poewiki.net/wiki/Triumvirate_Authority_(3_random_modifiers),2026-09-03
Soulthirst,Cloth Belt,普通掉落,Wiki drop_enabled=1，且无专属来源说明,传奇名+底材精确匹配,https://www.poewiki.net/wiki/Soulthirst,2026-09-03
The Selfish Shepherd,Nameless Ring,其它掉落,Available as a reward from Rituals.,传奇名+底材精确匹配,https://www.poewiki.net/wiki/The_Selfish_Shepherd,2026-09-03
The Queller of Minds,Nameless Ring,其它掉落,Available as a reward from Rituals.,传奇名+底材精确匹配,https://www.poewiki.net/wiki/The_Queller_of_Minds,2026-09-03
Sire of Shards,Serpentine Staff,普通掉落,Wiki drop_enabled=1，且无专属来源说明,传奇名+底材精确匹配,https://www.poewiki.net/wiki/Sire_of_Shards,2026-09-03
Soul Mantle,Spidersilk Robe,普通掉落,Wiki drop_enabled=1，且无专属来源说明,传奇名+底材精确匹配,https://www.poewiki.net/wiki/Soul_Mantle,2026-09-03
Shattershard,Crimson Round Shield,其它掉落,Shattershard can be obtained from Curio Displays in the final reward rooms of any Grand Heist.,传奇名+底材精确匹配,https://www.poewiki.net/wiki/Shattershard,2026-09-03
Wyrmsign,Wyrmscale Gauntlets,普通掉落,Wiki drop_enabled=1，且无专属来源说明,传奇名+底材精确匹配,https://www.poewiki.net/wiki/Wyrmsign,2026-09-03
Alberon's Warpath,Soldier Boots,普通掉落,Wiki drop_enabled=1，且无专属来源说明,传奇名+底材精确匹配,https://www.poewiki.net/wiki/Alberon's_Warpath,2026-09-03
Tanu Ahi,Wyrmscale Gauntlets,普通掉落,Wiki drop_enabled=1，且无专属来源说明,传奇名+底材精确匹配,https://www.poewiki.net/wiki/Tanu_Ahi,2026-09-03
The Whispering Ice,Vile Staff,普通掉落,Wiki drop_enabled=1，且无专属来源说明,传奇名+底材精确匹配,https://www.poewiki.net/wiki/The_Whispering_Ice,2026-09-03
Deidbell,Gilded Sallet,普通掉落,Wiki drop_enabled=1，且无专属来源说明,传奇名+底材精确匹配,https://www.poewiki.net/wiki/Deidbell,2026-09-03
Windscream,Reinforced Greaves,普通掉落,Wiki drop_enabled=1，且无专属来源说明,传奇名+底材精确匹配,https://www.poewiki.net/wiki/Windscream,2026-09-03
Xoph's Blood,Amber Amulet,其它掉落,"Can be obtained from the Genesis Tree using an Ancient Wombgift, Grasping Coffers in Hive Fortresses or Hive Colony, or as a random drop from It That Was Esh and It That Was Tul.",传奇名+底材精确匹配,https://www.poewiki.net/wiki/Xoph's_Blood,2026-09-03
The Pandemonius,Jade Amulet,其它掉落,"Can be obtained from the Genesis Tree using an Ancient Wombgift, Grasping Coffers in Hive Fortresses or Hive Colony, or as a random drop from It That Was Esh and It That Was Tul.",传奇名+底材精确匹配,https://www.poewiki.net/wiki/The_Pandemonius,2026-09-03
Replica Hyrri's Truth,Jade Amulet,其它掉落,Replicas can be obtained from Curio Displays in the final reward rooms of any Grand Heist.,传奇名+底材精确匹配,https://www.poewiki.net/wiki/Replica_Hyrri's_Truth,2026-09-03
Romira's Banquet,Diamond Ring,普通掉落,Wiki drop_enabled=1，且无专属来源说明,传奇名+底材精确匹配,https://www.poewiki.net/wiki/Romira's_Banquet,2026-09-03
Hinekora's Sight,Onyx Amulet,普通掉落,Wiki drop_enabled=1，且无专属来源说明,传奇名+底材精确匹配,https://www.poewiki.net/wiki/Hinekora's_Sight,2026-09-03
Replica Hinekora's Sight,Onyx Amulet,其它掉落,Replicas can be obtained from the Curio Display in the final reward rooms of any Grand Heist.,传奇名+底材精确匹配,https://www.poewiki.net/wiki/Replica_Hinekora's_Sight,2026-09-03
Olroth's Charge,Runic Sollerets,其它掉落,Drops from Expedition monsters in zones or Logbooks.,传奇名+底材精确匹配,https://www.poewiki.net/wiki/Olroth's_Charge,2026-09-03
Nightgrip,Runic Gages,其它掉落,Drops from Expedition monsters in zones or Logbooks.,传奇名+底材精确匹配,https://www.poewiki.net/wiki/Nightgrip,2026-09-03
Sudden Dawn,Steel Circlet,普通掉落,Wiki drop_enabled=1，且无专属来源说明,传奇名+底材精确匹配,https://www.poewiki.net/wiki/Sudden_Dawn,2026-09-03
Death's Harp,Death Bow,普通掉落,Wiki drop_enabled=1，且无专属来源说明,传奇名+底材精确匹配,https://www.poewiki.net/wiki/Death's_Harp,2026-09-03
Replica Iron Commander,Death Bow,其它掉落,Replicas can be obtained from Curio Displays in the final reward rooms of any Grand Heist.,传奇名+底材精确匹配,https://www.poewiki.net/wiki/Replica_Iron_Commander,2026-09-03
Bitterdream,Shadow Sceptre,普通掉落,Wiki drop_enabled=1，且无专属来源说明,传奇名+底材精确匹配,https://www.poewiki.net/wiki/Bitterdream,2026-09-03
The Hand of Phrecia,Mesh Gloves,普通掉落,Wiki drop_enabled=1，且无专属来源说明,传奇名+底材精确匹配,https://www.poewiki.net/wiki/The_Hand_of_Phrecia,2026-09-03
Rat's Nest,Ursine Pelt,普通掉落,Wiki drop_enabled=1，且无专属来源说明,传奇名+底材精确匹配,https://www.poewiki.net/wiki/Rat's_Nest,2026-09-03
Three-step Assault,Shagreen Boots,普通掉落,Wiki drop_enabled=1，且无专属来源说明,传奇名+底材精确匹配,https://www.poewiki.net/wiki/Three-step_Assault,2026-09-03
Hrimnor's Resolve,Samnite Helmet,普通掉落,Wiki drop_enabled=1，且无专属来源说明,传奇名+底材精确匹配,https://www.poewiki.net/wiki/Hrimnor's_Resolve,2026-09-03
Innsbury Edge,Elder Sword,普通掉落,Wiki drop_enabled=1，且无专属来源说明,传奇名+底材精确匹配,https://www.poewiki.net/wiki/Innsbury_Edge,2026-09-03
Tainted Pact,Coral Amulet,普通掉落,Wiki drop_enabled=1，且无专属来源说明,传奇名+底材精确匹配,https://www.poewiki.net/wiki/Tainted_Pact,2026-09-03
Atziri's Mirror,Golden Buckler,其它掉落,Wiki drop_enabled!=1；不属于当前普通掉落池,传奇名+底材精确匹配,https://www.poewiki.net/wiki/Atziri's_Mirror,2026-09-03
Replica Advancing Fortress,Gut Ripper,其它掉落,Replicas can be obtained from Curio Displays in the final reward rooms of any Grand Heist.,传奇名+底材精确匹配,https://www.poewiki.net/wiki/Replica_Advancing_Fortress,2026-09-03
Kahuturoa's Certainty,Ancient Greaves,普通掉落,Wiki drop_enabled=1，且无专属来源说明,传奇名+底材精确匹配,https://www.poewiki.net/wiki/Kahuturoa's_Certainty,2026-09-03
Great Old One's Ward,Corrugated Buckler,普通掉落,Wiki drop_enabled=1，且无专属来源说明,传奇名+底材精确匹配,https://www.poewiki.net/wiki/Great_Old_One's_Ward,2026-09-03
Relic of the Pact,Sage Wand,其它掉落,Obtained as a random reward from Ultimatum encounters.,传奇名+底材精确匹配,https://www.poewiki.net/wiki/Relic_of_the_Pact,2026-09-03
Xirgil's Crank,Coiled Staff,其它掉落,Xirgil's Crank can only drop in the Lord's Labyrinth.,传奇名+底材精确匹配,https://www.poewiki.net/wiki/Xirgil's_Crank,2026-09-03
Replica Lioneye's Paws,Bronzescale Boots,其它掉落,Replicas can be obtained from Curio Displays in the final reward rooms of any Grand Heist.,传奇名+底材精确匹配,https://www.poewiki.net/wiki/Replica_Lioneye's_Paws,2026-09-03
Infractem,Decimation Bow,普通掉落,Wiki drop_enabled=1，且无专属来源说明,传奇名+底材精确匹配,https://www.poewiki.net/wiki/Infractem,2026-09-03
Prismatic Eclipse,Twilight Blade,普通掉落,Wiki drop_enabled=1，且无专属来源说明,传奇名+底材精确匹配,https://www.poewiki.net/wiki/Prismatic_Eclipse,2026-09-03
Replica Forbidden Shako,Great Crown,其它掉落,Wiki drop_enabled!=1；不属于当前普通掉落池,传奇名+底材精确匹配,https://www.poewiki.net/wiki/Replica_Forbidden_Shako,2026-09-03
Geofri's Legacy,Great Crown,其它掉落,Wiki drop_enabled!=1；不属于当前普通掉落池,传奇名+底材精确匹配,https://www.poewiki.net/wiki/Geofri's_Legacy,2026-09-03
Empire's Grasp,Goliath Gauntlets,普通掉落,Wiki drop_enabled=1，且无专属来源说明,传奇名+底材精确匹配,https://www.poewiki.net/wiki/Empire's_Grasp,2026-09-03
The Annihilating Light,Quarterstaff,BOSS掉落,Drops from Uber Exarch.,传奇名+底材精确匹配,https://www.poewiki.net/wiki/The_Annihilating_Light,2026-09-03
Architect's Hand,Ambush Mitts,其它掉落,Architect's Hand can only be obtained from a chest inside the tier 3 incursion room Defense Research Lab (upgraded from Trap Workshop and Temple Defense Workshop) in the present time Temple of Atzoatl.,传奇名+底材精确匹配,https://www.poewiki.net/wiki/Architect's_Hand,2026-09-03
Kongming's Stratagem,Ancient Spirit Shield,普通掉落,Wiki drop_enabled=1，且无专属来源说明,传奇名+底材精确匹配,https://www.poewiki.net/wiki/Kongming's_Stratagem,2026-09-03
Stormseeker,Ambush Mitts,普通掉落,Wiki drop_enabled=1，且无专属来源说明,传奇名+底材精确匹配,https://www.poewiki.net/wiki/Stormseeker,2026-09-03
Replica Atziri's Foible,Paua Amulet,其它掉落,Replicas can be obtained from Curio Displays in the final reward rooms of any Grand Heist.,传奇名+底材精确匹配,https://www.poewiki.net/wiki/Replica_Atziri's_Foible,2026-09-03
Ahuana's Bite,Sharktooth Arrow Quiver,普通掉落,Wiki drop_enabled=1，且无专属来源说明,传奇名+底材精确匹配,https://www.poewiki.net/wiki/Ahuana's_Bite,2026-09-03
Storm Secret,Topaz Ring,普通掉落,Wiki drop_enabled=1，且无专属来源说明,传奇名+底材精确匹配,https://www.poewiki.net/wiki/Storm_Secret,2026-09-03
Voice of the Storm,Lapis Amulet,其它掉落,"Can be obtained from the Genesis Tree using an Ancient Wombgift, Grasping Coffers in Hive Fortresses or Hive Colony, or as a random drop from It That Was Esh and It That Was Tul.",传奇名+底材精确匹配,https://www.poewiki.net/wiki/Voice_of_the_Storm,2026-09-03
Call of the Brotherhood,Two-Stone Ring,普通掉落,Wiki drop_enabled=1，且无专属来源说明,传奇名+底材精确匹配,https://www.poewiki.net/wiki/Call_of_the_Brotherhood,2026-09-03
Marylene's Fallacy,Lapis Amulet,普通掉落,Wiki drop_enabled=1，且无专属来源说明,传奇名+底材精确匹配,https://www.poewiki.net/wiki/Marylene's_Fallacy,2026-09-03
Fury Valve,Turquoise Amulet,普通掉落,Wiki drop_enabled=1，且无专属来源说明,传奇名+底材精确匹配,https://www.poewiki.net/wiki/Fury_Valve,2026-09-03
Emberwake,Ruby Ring,普通掉落,Wiki drop_enabled=1，且无专属来源说明,传奇名+底材精确匹配,https://www.poewiki.net/wiki/Emberwake,2026-09-03
Mother's Embrace,Heavy Belt,普通掉落,Wiki drop_enabled=1，且无专属来源说明,传奇名+底材精确匹配,https://www.poewiki.net/wiki/Mother's_Embrace,2026-09-03
The Geomantic Gyre,Highborn Staff,其它掉落,Wiki drop_enabled!=1；不属于当前普通掉落池,传奇名+底材精确匹配,https://www.poewiki.net/wiki/The_Geomantic_Gyre,2026-09-03
Prospero's Protection,Iron Ring,普通掉落,Wiki drop_enabled=1，且无专属来源说明,传奇名+底材精确匹配,https://www.poewiki.net/wiki/Prospero's_Protection,2026-09-03
Jorrhast's Blacksteel,Steelhead,普通掉落,Wiki drop_enabled=1，且无专属来源说明,传奇名+底材精确匹配,https://www.poewiki.net/wiki/Jorrhast's_Blacksteel,2026-09-03
Kitava's Thirst,Zealot Helmet,普通掉落,Wiki drop_enabled=1，且无专属来源说明,传奇名+底材精确匹配,https://www.poewiki.net/wiki/Kitava's_Thirst,2026-09-03
Doomfletch,Royal Bow,普通掉落,Wiki drop_enabled=1，且无专属来源说明,传奇名+底材精确匹配,https://www.poewiki.net/wiki/Doomfletch,2026-09-03
Brutus' Lead Sprinkler,Ritual Sceptre,普通掉落,Wiki drop_enabled=1，且无专属来源说明,传奇名+底材精确匹配,https://www.poewiki.net/wiki/Brutus'_Lead_Sprinkler,2026-09-03
The Retch,Rustic Sash,普通掉落,Wiki drop_enabled=1，且无专属来源说明,传奇名+底材精确匹配,https://www.poewiki.net/wiki/The_Retch,2026-09-03
Terminus Est,Tiger Sword,普通掉落,Wiki drop_enabled=1，且无专属来源说明,传奇名+底材精确匹配,https://www.poewiki.net/wiki/Terminus_Est,2026-09-03
Southbound,Soldier Gloves,普通掉落,Wiki drop_enabled=1，且无专属来源说明,传奇名+底材精确匹配,https://www.poewiki.net/wiki/Southbound,2026-09-03
Black Sun Crest,Lacquered Helmet,普通掉落,Wiki drop_enabled=1，且无专属来源说明,传奇名+底材精确匹配,https://www.poewiki.net/wiki/Black_Sun_Crest,2026-09-03
Replica Ambu's Charge,Crusader Chainmail,其它掉落,Replicas can be obtained from Curio Displays in the final reward rooms of any Grand Heist.,传奇名+底材精确匹配,https://www.poewiki.net/wiki/Replica_Ambu's_Charge,2026-09-03
Ambu's Charge,Crusader Chainmail,普通掉落,Wiki drop_enabled=1，且无专属来源说明,传奇名+底材精确匹配,https://www.poewiki.net/wiki/Ambu's_Charge,2026-09-03
Vaal Caress,Bronzescale Gauntlets,普通掉落,Wiki drop_enabled=1，且无专属来源说明,传奇名+底材精确匹配,https://www.poewiki.net/wiki/Vaal_Caress,2026-09-03
Pyroshock Clasp,Leather Belt,普通掉落,Wiki drop_enabled=1，且无专属来源说明,传奇名+底材精确匹配,https://www.poewiki.net/wiki/Pyroshock_Clasp,2026-09-03
Circle of Nostalgia,Amethyst Ring,普通掉落,Wiki drop_enabled=1，且无专属来源说明,传奇名+底材精确匹配,https://www.poewiki.net/wiki/Circle_of_Nostalgia_(Fractured),2026-09-03
Heartbreaker,Royal Skean,普通掉落,Wiki drop_enabled=1，且无专属来源说明,传奇名+底材精确匹配,https://www.poewiki.net/wiki/Heartbreaker,2026-09-03
The Embalmer,Carnal Mitts,普通掉落,Wiki drop_enabled=1，且无专属来源说明,传奇名+底材精确匹配,https://www.poewiki.net/wiki/The_Embalmer,2026-09-03
Victario's Charity,Laminated Kite Shield,普通掉落,Wiki drop_enabled=1，且无专属来源说明,传奇名+底材精确匹配,https://www.poewiki.net/wiki/Victario's_Charity,2026-09-03
Pragmatism,Colosseum Plate,BOSS掉落,Drops from The King in the Mists in the Crux of Nothingness.,传奇名+底材精确匹配,https://www.poewiki.net/wiki/Pragmatism,2026-09-03
Zeel's Amplifier,Polished Spiked Shield,普通掉落,Wiki drop_enabled=1，且无专属来源说明,传奇名+底材精确匹配,https://www.poewiki.net/wiki/Zeel's_Amplifier,2026-09-03
The Eternal Apple,Chiming Spirit Shield,普通掉落,Wiki drop_enabled=1，且无专属来源说明,传奇名+底材精确匹配,https://www.poewiki.net/wiki/The_Eternal_Apple,2026-09-03
The Druggery,Cloth Belt,普通掉落,Wiki drop_enabled=1，且无专属来源说明,传奇名+底材精确匹配,https://www.poewiki.net/wiki/The_Druggery,2026-09-03
Demon Stitcher,Satin Gloves,其它掉落,Delve league-specific Uniques can also drop deterministically from certain chests in Delve.,传奇名+底材精确匹配,https://www.poewiki.net/wiki/Demon_Stitcher,2026-09-03
Midnight Bargain,Engraved Wand,普通掉落,Wiki drop_enabled=1，且无专属来源说明,按传奇名回退匹配（底材版本不同）,https://www.poewiki.net/wiki/Midnight_Bargain,2026-09-03
The Sundered Will,Fugitive Ring,普通掉落,Wiki drop_enabled=1，且无专属来源说明,传奇名+底材精确匹配,https://www.poewiki.net/wiki/The_Sundered_Will,2026-09-03
Reverberation Rod,Spiraled Wand,普通掉落,Wiki drop_enabled=1，且无专属来源说明,传奇名+底材精确匹配,https://www.poewiki.net/wiki/Reverberation_Rod,2026-09-03
Kalisa's Grace,Samite Gloves,普通掉落,Wiki drop_enabled=1，且无专属来源说明,传奇名+底材精确匹配,https://www.poewiki.net/wiki/Kalisa's_Grace,2026-09-03
Lightbane Raiment,Ornate Ringmail,普通掉落,Wiki drop_enabled=1，且无专属来源说明,传奇名+底材精确匹配,https://www.poewiki.net/wiki/Lightbane_Raiment,2026-09-03
Xoph's Heart,Amber Amulet,其它掉落,"Can be obtained from the Genesis Tree using an Ancient Wombgift, Grasping Coffers in Hive Fortresses or Hive Colony, or as a random drop from It That Was Esh and It That Was Tul.",传奇名+底材精确匹配,https://www.poewiki.net/wiki/Xoph's_Heart,2026-09-03
The Halcyon,Jade Amulet,其它掉落,"Can be obtained from the Genesis Tree using an Ancient Wombgift, Grasping Coffers in Hive Fortresses or Hive Colony, or as a random drop from It That Was Esh and It That Was Tul.",传奇名+底材精确匹配,https://www.poewiki.net/wiki/The_Halcyon,2026-09-03
Moonbender's Wing,Tomahawk,普通掉落,Wiki drop_enabled=1，且无专属来源说明,传奇名+底材精确匹配,https://www.poewiki.net/wiki/Moonbender's_Wing,2026-09-03
The Flawed Refuge,Maple Round Shield,其它掉落,Drops from enemies native to the Viridian Wildwood or Ritual encounters.,传奇名+底材精确匹配,https://www.poewiki.net/wiki/The_Flawed_Refuge,2026-09-03
Doedre's Scorn,Lunaris Circlet,普通掉落,Wiki drop_enabled=1，且无专属来源说明,传奇名+底材精确匹配,https://www.poewiki.net/wiki/Doedre's_Scorn,2026-09-03
Brinerot Flag,Tarnished Spirit Shield,其它掉落,"Drop from Brinerot Warband monsters, such as from unique strongbox, Kirac's mod, or 16x16px|link=|alt=Shipyard Map Shipyard Map Map Tier: 10 Monster Level: 77 Guild Character : v Travel to this Map by using it in the Templar Laboratory or a personal Map Device. Maps can only be used once. 78x78px|link=|alt=|class=item-icon , etc.",传奇名+底材精确匹配,https://www.poewiki.net/wiki/Brinerot_Flag,2026-09-03
Heartbound Loop,Moonstone Ring,普通掉落,Wiki drop_enabled=1，且无专属来源说明,传奇名+底材精确匹配,https://www.poewiki.net/wiki/Heartbound_Loop,2026-09-03
Darkness Enthroned,Stygian Vise,BOSS掉落,Has a chance to drop from Abyssal Depths bosses.,传奇名+底材精确匹配,https://www.poewiki.net/wiki/Darkness_Enthroned,2026-09-03
Warped Timepiece,Turquoise Amulet,普通掉落,Wiki drop_enabled=1，且无专属来源说明,传奇名+底材精确匹配,https://www.poewiki.net/wiki/Warped_Timepiece,2026-09-03
Perquil's Toe,Gold Amulet,普通掉落,Wiki drop_enabled=1，且无专属来源说明,传奇名+底材精确匹配,https://www.poewiki.net/wiki/Perquil's_Toe,2026-09-03
Advancing Fortress,Gut Ripper,普通掉落,Wiki drop_enabled=1，且无专属来源说明,传奇名+底材精确匹配,https://www.poewiki.net/wiki/Advancing_Fortress,2026-09-03
Ornament of the East,Gut Ripper,普通掉落,Wiki drop_enabled=1，且无专属来源说明,传奇名+底材精确匹配,https://www.poewiki.net/wiki/Ornament_of_the_East,2026-09-03
Replica Bones of Ullr,Silk Slippers,其它掉落,Replicas can be obtained from Curio Displays in the final reward rooms of any Grand Heist.,传奇名+底材精确匹配,https://www.poewiki.net/wiki/Replica_Bones_of_Ullr,2026-09-03
Steelworm,Broadhead Arrow Quiver,其它掉落,Steelworm can only drop in the Lord's Labyrinth.,传奇名+底材精确匹配,https://www.poewiki.net/wiki/Steelworm,2026-09-03
Venopuncture,Iron Ring,普通掉落,Wiki drop_enabled=1，且无专属来源说明,传奇名+底材精确匹配,https://www.poewiki.net/wiki/Venopuncture,2026-09-03
Icefang Orbit,Iron Ring,普通掉落,Wiki drop_enabled=1，且无专属来源说明,传奇名+底材精确匹配,https://www.poewiki.net/wiki/Icefang_Orbit,2026-09-03
Bloodsoaked Medallion,Amber Amulet,普通掉落,Wiki drop_enabled=1，且无专属来源说明,传奇名+底材精确匹配,https://www.poewiki.net/wiki/Bloodsoaked_Medallion,2026-09-03
The Blood Reaper,Headsman Axe,普通掉落,Wiki drop_enabled=1，且无专属来源说明,传奇名+底材精确匹配,https://www.poewiki.net/wiki/The_Blood_Reaper,2026-09-03
Maligaro's Lens,Compound Spiked Shield,普通掉落,Wiki drop_enabled=1，且无专属来源说明,传奇名+底材精确匹配,https://www.poewiki.net/wiki/Maligaro's_Lens,2026-09-03
The Harvest,Jasper Chopper,普通掉落,Wiki drop_enabled=1，且无专属来源说明,传奇名+底材精确匹配,https://www.poewiki.net/wiki/The_Harvest,2026-09-03
Gluttony,Leather Belt,普通掉落,Wiki drop_enabled=1，且无专属来源说明,传奇名+底材精确匹配,https://www.poewiki.net/wiki/Gluttony,2026-09-03
Rigwald's Charge,Highland Blade,普通掉落,Wiki drop_enabled=1，且无专属来源说明,传奇名+底材精确匹配,https://www.poewiki.net/wiki/Rigwald's_Charge,2026-09-03
Widowmaker,Boot Blade,普通掉落,Wiki drop_enabled=1，且无专属来源说明,传奇名+底材精确匹配,https://www.poewiki.net/wiki/Widowmaker,2026-09-03
Maloney's Nightfall,Vile Arrow Quiver,普通掉落,Wiki drop_enabled=1，且无专属来源说明,传奇名+底材精确匹配,https://www.poewiki.net/wiki/Maloney's_Nightfall,2026-09-03
The Ascetic,Gold Amulet,其它掉落,Wiki drop_enabled!=1；不属于当前普通掉落池,传奇名+底材精确匹配,https://www.poewiki.net/wiki/The_Ascetic,2026-09-03
The Highwayman,Gold Ring,普通掉落,Wiki drop_enabled=1，且无专属来源说明,传奇名+底材精确匹配,https://www.poewiki.net/wiki/The_Highwayman,2026-09-03
Call of the Void,Sapphire Ring,BOSS掉落,Drops from Uber Uber Elder.,传奇名+底材精确匹配,https://www.poewiki.net/wiki/Call_of_the_Void,2026-09-03
Replica Tempestuous Steel,War Sword,其它掉落,Replicas can be obtained from Curio Displays in the final reward rooms of any Grand Heist.,传奇名+底材精确匹配,https://www.poewiki.net/wiki/Replica_Tempestuous_Steel,2026-09-03
Replica Heatshiver,Leather Hood,其它掉落,Replicas can be obtained from the Curio Display in the final reward rooms of any Grand Heist.,传奇名+底材精确匹配,https://www.poewiki.net/wiki/Replica_Heatshiver,2026-09-03
Heatshiver,Leather Hood,普通掉落,Wiki drop_enabled=1，且无专属来源说明,传奇名+底材精确匹配,https://www.poewiki.net/wiki/Heatshiver,2026-09-03
The Fracturing Spinner,Blunt Arrow Quiver,其它掉落,Can only be acquired in permanent leagues by combining pieces.,传奇名+底材精确匹配,https://www.poewiki.net/wiki/The_Fracturing_Spinner,2026-09-03
Daresso's Passion,Estoc,普通掉落,Wiki drop_enabled=1，且无专属来源说明,传奇名+底材精确匹配,https://www.poewiki.net/wiki/Daresso's_Passion,2026-09-03
El'Abin's Visage,Fencer Helm,其它掉落,Wiki drop_enabled!=1；不属于当前普通掉落池,传奇名+底材精确匹配,https://www.poewiki.net/wiki/El'Abin's_Visage,2026-09-03
Bloodbond,Bone Armour,普通掉落,Wiki drop_enabled=1，且无专属来源说明,传奇名+底材精确匹配,https://www.poewiki.net/wiki/Bloodbond,2026-09-03
Umbilicus Immortalis,Leather Belt,普通掉落,Wiki drop_enabled=1，且无专属来源说明,传奇名+底材精确匹配,https://www.poewiki.net/wiki/Umbilicus_Immortalis,2026-09-03
Bisco's Collar,Gold Amulet,其它掉落,Wiki drop_enabled!=1；不属于当前普通掉落池,传奇名+底材精确匹配,https://www.poewiki.net/wiki/Bisco's_Collar,2026-09-03
Bisco's Leash,Heavy Belt,普通掉落,Wiki drop_enabled=1，且无专属来源说明,传奇名+底材精确匹配,https://www.poewiki.net/wiki/Bisco's_Leash,2026-09-03
Goldwyrm,Nubuck Boots,普通掉落,Wiki drop_enabled=1，且无专属来源说明,传奇名+底材精确匹配,https://www.poewiki.net/wiki/Goldwyrm,2026-09-03
Plume of Pursuit,Bone Circlet,普通掉落,Wiki drop_enabled=1，且无专属来源说明,传奇名+底材精确匹配,https://www.poewiki.net/wiki/Plume_of_Pursuit,2026-09-03
Veruso's Ambition,Shackled Boots,普通掉落,Wiki drop_enabled=1，且无专属来源说明,传奇名+底材精确匹配,https://www.poewiki.net/wiki/Veruso's_Ambition,2026-09-03
Cloak of Flame,Scholar's Robe,普通掉落,Wiki drop_enabled=1，且无专属来源说明,传奇名+底材精确匹配,https://www.poewiki.net/wiki/Cloak_of_Flame,2026-09-03
Essence Worm,Unset Ring,普通掉落,Wiki drop_enabled=1，且无专属来源说明,传奇名+底材精确匹配,https://www.poewiki.net/wiki/Essence_Worm,2026-09-03
Malachai's Artifice,Unset Ring,普通掉落,Wiki drop_enabled=1，且无专属来源说明,传奇名+底材精确匹配,https://www.poewiki.net/wiki/Malachai's_Artifice,2026-09-03
Voideye,Unset Ring,普通掉落,Wiki drop_enabled=1，且无专属来源说明,传奇名+底材精确匹配,https://www.poewiki.net/wiki/Voideye,2026-09-03
Clayshaper,Rock Breaker,普通掉落,Wiki drop_enabled=1，且无专属来源说明,传奇名+底材精确匹配,https://www.poewiki.net/wiki/Clayshaper,2026-09-03
Sentari's Answer,Brass Spirit Shield,普通掉落,Wiki drop_enabled=1，且无专属来源说明,传奇名+底材精确匹配,https://www.poewiki.net/wiki/Sentari's_Answer,2026-09-03
Ascent From Flesh,Chain Belt,普通掉落,Wiki drop_enabled=1，且无专属来源说明,传奇名+底材精确匹配,https://www.poewiki.net/wiki/Ascent_From_Flesh,2026-09-03
Maligaro's Restraint,Chain Belt,普通掉落,Wiki drop_enabled=1，且无专属来源说明,传奇名+底材精确匹配,https://www.poewiki.net/wiki/Maligaro's_Restraint,2026-09-03
Soulbound,Paua Ring,普通掉落,Wiki drop_enabled=1，且无专属来源说明,传奇名+底材精确匹配,https://www.poewiki.net/wiki/Soulbound,2026-09-03
Blightwell,Clutching Talisman,其它掉落,"Can drop from Spirit Beasts, or randomly obtained through the Beastcrafting recipe requiring The Black Mórrigan that creates a new Talisman.",按传奇名回退匹配（底材版本不同）,https://www.poewiki.net/wiki/Blightwell,2026-09-03
Chaber Cairn,Great Mallet,其它掉落,Wiki drop_enabled!=1；不属于当前普通掉落池,传奇名+底材精确匹配,https://www.poewiki.net/wiki/Chaber_Cairn,2026-09-03
Chober Chaber,Great Mallet,普通掉落,Wiki drop_enabled=1，且无专属来源说明,传奇名+底材精确匹配,https://www.poewiki.net/wiki/Chober_Chaber,2026-09-03
United in Dream,Cutlass,其它掉落,"Can be obtained from the Genesis Tree using an Ancient Wombgift, Grasping Coffers in Hive Fortresses or Hive Colony, or as a random drop from It That Was Esh and It That Was Tul.",传奇名+底材精确匹配,https://www.poewiki.net/wiki/United_in_Dream,2026-09-03
Iron Commander,Death Bow,普通掉落,Wiki drop_enabled=1，且无专属来源说明,传奇名+底材精确匹配,https://www.poewiki.net/wiki/Iron_Commander,2026-09-03
Replica Bitterdream,Shadow Sceptre,其它掉落,Replicas can be obtained from Curio Displays in the final reward rooms of any Grand Heist.,传奇名+底材精确匹配,https://www.poewiki.net/wiki/Replica_Bitterdream,2026-09-03
The Monastery Bell,Dream Mace,普通掉落,Wiki drop_enabled=1，且无专属来源说明,传奇名+底材精确匹配,https://www.poewiki.net/wiki/The_Monastery_Bell,2026-09-03
Precursor's Emblem,Ruby Ring,普通掉落,Wiki drop_enabled=1，且无专属来源说明,传奇名+底材精确匹配,https://www.poewiki.net/wiki/Precursor's_Emblem_(Endurance_Charge),2026-09-03
Icetomb,Latticed Ringmail,普通掉落,Wiki drop_enabled=1，且无专属来源说明,传奇名+底材精确匹配,https://www.poewiki.net/wiki/Icetomb,2026-09-03
Orbala's Stand,Eelskin Boots,普通掉落,Wiki drop_enabled=1，且无专属来源说明,传奇名+底材精确匹配,https://www.poewiki.net/wiki/Orbala's_Stand,2026-09-03
Immortal Flesh,Leather Belt,普通掉落,Wiki drop_enabled=1，且无专属来源说明,传奇名+底材精确匹配,https://www.poewiki.net/wiki/Immortal_Flesh,2026-09-03
Demigod's Beacon,Golden Flame,其它掉落,Wiki drop_enabled!=1；不属于当前普通掉落池,传奇名+底材精确匹配,https://www.poewiki.net/wiki/Demigod's_Beacon,2026-09-03
Shadows and Dust,Clasped Mitts,普通掉落,Wiki drop_enabled=1，且无专属来源说明,传奇名+底材精确匹配,https://www.poewiki.net/wiki/Shadows_and_Dust,2026-09-03
Aukuna's Will,Clasped Mitts,普通掉落,Wiki drop_enabled=1，且无专属来源说明,传奇名+底材精确匹配,https://www.poewiki.net/wiki/Aukuna's_Will,2026-09-03
Replica Twyzel,Blasting Wand,其它掉落,Replicas can be obtained from Curio Displays in the final reward rooms of any Grand Heist.,传奇名+底材精确匹配,https://www.poewiki.net/wiki/Replica_Twyzel,2026-09-03
Unlight Extant,Sage Wand,普通掉落,Wiki drop_enabled=1，且无专属来源说明,传奇名+底材精确匹配,https://www.poewiki.net/wiki/Unlight_Extant,2026-09-03
Lioneye's Paws,Bronzescale Boots,普通掉落,Wiki drop_enabled=1，且无专属来源说明,传奇名+底材精确匹配,https://www.poewiki.net/wiki/Lioneye's_Paws,2026-09-03
Eye of Chayula,Onyx Amulet,普通掉落,Wiki drop_enabled=1，且无专属来源说明,传奇名+底材精确匹配,https://www.poewiki.net/wiki/Eye_of_Chayula,2026-09-03
The Eternal Struggle,Onyx Amulet,普通掉落,Wiki drop_enabled=1，且无专属来源说明,传奇名+底材精确匹配,https://www.poewiki.net/wiki/The_Eternal_Struggle,2026-09-03
Cybil's Paw,Thresher Claw,普通掉落,Wiki drop_enabled=1，且无专属来源说明,传奇名+底材精确匹配,https://www.poewiki.net/wiki/Cybil's_Paw,2026-09-03
Zahndethus' Cassock,Sage's Robe,普通掉落,Wiki drop_enabled=1，且无专属来源说明,传奇名+底材精确匹配,https://www.poewiki.net/wiki/Zahndethus'_Cassock,2026-09-03
Mindspiral,Aventail Helmet,普通掉落,Wiki drop_enabled=1，且无专属来源说明,传奇名+底材精确匹配,https://www.poewiki.net/wiki/Mindspiral,2026-09-03
Torchoak Step,Antique Greaves,普通掉落,Wiki drop_enabled=1，且无专属来源说明,传奇名+底材精确匹配,https://www.poewiki.net/wiki/Torchoak_Step,2026-09-03
Chalice of Horrors,War Buckler,普通掉落,Wiki drop_enabled=1，且无专属来源说明,传奇名+底材精确匹配,https://www.poewiki.net/wiki/Chalice_of_Horrors,2026-09-03
The Will of Uul-Netol,Organic Ring,普通掉落,Wiki drop_enabled=1，且无专属来源说明,传奇名+底材精确匹配,https://www.poewiki.net/wiki/The_Will_of_Uul-Netol,2026-09-03
The Will of Esh,Synaptic Ring,普通掉落,Wiki drop_enabled=1，且无专属来源说明,传奇名+底材精确匹配,https://www.poewiki.net/wiki/The_Will_of_Esh,2026-09-03
The Will of Xoph,Enthalpic Ring,普通掉落,Wiki drop_enabled=1，且无专属来源说明,传奇名+底材精确匹配,https://www.poewiki.net/wiki/The_Will_of_Xoph,2026-09-03
The Will of Tul,Cryonic Ring,普通掉落,Wiki drop_enabled=1，且无专属来源说明,传奇名+底材精确匹配,https://www.poewiki.net/wiki/The_Will_of_Tul,2026-09-03
Ceinture of Benevolence,Cloth Belt,普通掉落,Wiki drop_enabled=1，且无专属来源说明,传奇名+底材精确匹配,https://www.poewiki.net/wiki/Ceinture_of_Benevolence,2026-09-03
Winterweave,Coral Ring,普通掉落,Wiki drop_enabled=1，且无专属来源说明,传奇名+底材精确匹配,https://www.poewiki.net/wiki/Winterweave_(fated),2026-09-03
Dream Fragments,Sapphire Ring,普通掉落,Wiki drop_enabled=1，且无专属来源说明,传奇名+底材精确匹配,https://www.poewiki.net/wiki/Dream_Fragments,2026-09-03
Bloodboil,Coral Ring,其它掉落,Wiki 当前名称/底材数据无匹配；按永久区遗留或非当前自然掉落处理,Wiki当前数据无匹配,https://www.poewiki.net/wiki/Special:Search?search=Bloodboil,2026-09-03
Doedre's Tongue,Lapis Amulet,普通掉落,Wiki drop_enabled=1，且无专属来源说明,传奇名+底材精确匹配,https://www.poewiki.net/wiki/Doedre's_Tongue,2026-09-03
Skullhead,Secutor Helm,普通掉落,Wiki drop_enabled=1，且无专属来源说明,传奇名+底材精确匹配,https://www.poewiki.net/wiki/Skullhead,2026-09-03
Replica Leer Cast,Festival Mask,其它掉落,Replicas can be obtained from Curio Displays in the final reward rooms of any Grand Heist.,传奇名+底材精确匹配,https://www.poewiki.net/wiki/Replica_Leer_Cast,2026-09-03
Ungil's Harmony,Turquoise Amulet,普通掉落,Wiki drop_enabled=1，且无专属来源说明,传奇名+底材精确匹配,https://www.poewiki.net/wiki/Ungil's_Harmony,2026-09-03
Earendel's Embrace,Grinning Fetish,普通掉落,Wiki drop_enabled=1，且无专属来源说明,传奇名+底材精确匹配,https://www.poewiki.net/wiki/Earendel's_Embrace,2026-09-03
The Three Dragons,Golden Mask,普通掉落,Wiki drop_enabled=1，且无专属来源说明,传奇名+底材精确匹配,https://www.poewiki.net/wiki/The_Three_Dragons,2026-09-03
Willclash,Golden Mask,普通掉落,Wiki drop_enabled=1，且无专属来源说明,传奇名+底材精确匹配,https://www.poewiki.net/wiki/Willclash,2026-09-03
Lycosidae,Rawhide Tower Shield,普通掉落,Wiki drop_enabled=1，且无专属来源说明,传奇名+底材精确匹配,https://www.poewiki.net/wiki/Lycosidae,2026-09-03
Valako's Sign,Topaz Ring,普通掉落,Wiki drop_enabled=1，且无专属来源说明,传奇名+底材精确匹配,https://www.poewiki.net/wiki/Valako's_Sign,2026-09-03
Mortem Morsu,Fright Claw,普通掉落,Wiki drop_enabled=1，且无专属来源说明,传奇名+底材精确匹配,https://www.poewiki.net/wiki/Mortem_Morsu,2026-09-03
The Anvil,Amber Amulet,普通掉落,Wiki drop_enabled=1，且无专属来源说明,传奇名+底材精确匹配,https://www.poewiki.net/wiki/The_Anvil,2026-09-03
Mark of Submission,Unset Ring,其它掉落,Delve league-specific Uniques can also drop deterministically from certain chests in Delve.,传奇名+底材精确匹配,https://www.poewiki.net/wiki/Mark_of_Submission,2026-09-03
Sibyl's Lament,Coral Ring,普通掉落,Wiki drop_enabled=1，且无专属来源说明,传奇名+底材精确匹配,https://www.poewiki.net/wiki/Sibyl's_Lament,2026-09-03
Al Dhih,Timeworn Claw,普通掉落,Wiki drop_enabled=1，且无专属来源说明,传奇名+底材精确匹配,https://www.poewiki.net/wiki/Al_Dhih,2026-09-03
The Baron,Close Helmet,普通掉落,Wiki drop_enabled=1，且无专属来源说明,传奇名+底材精确匹配,https://www.poewiki.net/wiki/The_Baron,2026-09-03
Fairgraves' Tricorne,Tricorne,普通掉落,Wiki drop_enabled=1，且无专属来源说明,传奇名+底材精确匹配,https://www.poewiki.net/wiki/Fairgraves'_Tricorne,2026-09-03
Reaper's Pursuit,Shadow Axe,普通掉落,Wiki drop_enabled=1，且无专属来源说明,传奇名+底材精确匹配,https://www.poewiki.net/wiki/Reaper's_Pursuit,2026-09-03
Windshriek,Reinforced Greaves,其它掉落,Wiki drop_enabled!=1；不属于当前普通掉落池,传奇名+底材精确匹配,https://www.poewiki.net/wiki/Windshriek,2026-09-03
Siegebreaker,Heavy Belt,普通掉落,Wiki drop_enabled=1，且无专属来源说明,传奇名+底材精确匹配,https://www.poewiki.net/wiki/Siegebreaker,2026-09-03
Tawhanuku's Timing,Moonstone Ring,普通掉落,Wiki drop_enabled=1，且无专属来源说明,传奇名+底材精确匹配,https://www.poewiki.net/wiki/Tawhanuku's_Timing,2026-09-03
Faithguard,Runic Helm,其它掉落,Drops from Expedition monsters in zones or Logbooks.,传奇名+底材精确匹配,https://www.poewiki.net/wiki/Faithguard,2026-09-03
Berek's Respite,Two-Stone Ring,普通掉落,Wiki drop_enabled=1，且无专属来源说明,传奇名+底材精确匹配,https://www.poewiki.net/wiki/Berek's_Respite,2026-09-03
Arn's Anguish,Cloth Belt,普通掉落,Wiki drop_enabled=1，且无专属来源说明,传奇名+底材精确匹配,https://www.poewiki.net/wiki/Arn's_Anguish,2026-09-03
Nevalius Inheritance,Cloth Belt,普通掉落,Wiki drop_enabled=1，且无专属来源说明,传奇名+底材精确匹配,https://www.poewiki.net/wiki/Nevalius_Inheritance,2026-09-03
The Flow Untethered,Cloth Belt,普通掉落,Wiki drop_enabled=1，且无专属来源说明,传奇名+底材精确匹配,https://www.poewiki.net/wiki/The_Flow_Untethered,2026-09-03
Graven's Secret,Cloth Belt,普通掉落,Wiki drop_enabled=1，且无专属来源说明,传奇名+底材精确匹配,https://www.poewiki.net/wiki/Graven's_Secret,2026-09-03
Olesya's Delight,Cloth Belt,普通掉落,Wiki drop_enabled=1，且无专属来源说明,传奇名+底材精确匹配,https://www.poewiki.net/wiki/Olesya's_Delight,2026-09-03
Rigwald's Crest,Two-Stone Ring,普通掉落,Wiki drop_enabled=1，且无专属来源说明,传奇名+底材精确匹配,https://www.poewiki.net/wiki/Rigwald's_Crest,2026-09-03
Death's Opus,Death Bow,其它掉落,Wiki drop_enabled!=1；不属于当前普通掉落池,传奇名+底材精确匹配,https://www.poewiki.net/wiki/Death's_Opus,2026-09-03
Flesh-Eater,Dream Mace,普通掉落,Wiki drop_enabled=1，且无专属来源说明,传奇名+底材精确匹配,https://www.poewiki.net/wiki/Flesh-Eater,2026-09-03
Briskwrap,Sun Leather,普通掉落,Wiki drop_enabled=1，且无专属来源说明,传奇名+底材精确匹配,https://www.poewiki.net/wiki/Briskwrap,2026-09-03
Shavronne's Pace,Scholar Boots,普通掉落,Wiki drop_enabled=1，且无专属来源说明,传奇名+底材精确匹配,https://www.poewiki.net/wiki/Shavronne's_Pace,2026-09-03
Triad Grip,Mesh Gloves,普通掉落,Wiki drop_enabled=1，且无专属来源说明,传奇名+底材精确匹配,https://www.poewiki.net/wiki/Triad_Grip,2026-09-03
Uzaza's Mountain,Sapphire Ring,普通掉落,Wiki drop_enabled=1，且无专属来源说明,传奇名+底材精确匹配,https://www.poewiki.net/wiki/Uzaza's_Mountain,2026-09-03
The Snowblind Grace,Zodiac Leather,其它掉落,"Can be obtained from the Genesis Tree using an Ancient Wombgift, Grasping Coffers in Hive Fortresses or Hive Colony, or as a random drop from It That Was Esh and It That Was Tul.",传奇名+底材精确匹配,https://www.poewiki.net/wiki/The_Snowblind_Grace,2026-09-03
The Formless Flame,Royal Burgonet,其它掉落,"Can be obtained from the Genesis Tree using an Ancient Wombgift, Grasping Coffers in Hive Fortresses or Hive Colony, or as a random drop from It That Was Esh and It That Was Tul.",传奇名+底材精确匹配,https://www.poewiki.net/wiki/The_Formless_Flame,2026-09-03
The Trickster's Smile,Visored Sallet,其它掉落,Drops from enemies native to the Viridian Wildwood or Ritual encounters.,传奇名+底材精确匹配,https://www.poewiki.net/wiki/The_Trickster's_Smile,2026-09-03
Matua Tupuna,Tarnished Spirit Shield,普通掉落,Wiki drop_enabled=1，且无专属来源说明,传奇名+底材精确匹配,https://www.poewiki.net/wiki/Matua_Tupuna,2026-09-03
Winterheart,Gold Amulet,普通掉落,Wiki drop_enabled=1，且无专属来源说明,传奇名+底材精确匹配,https://www.poewiki.net/wiki/Winterheart,2026-09-03
Wurm's Molt,Leather Belt,普通掉落,Wiki drop_enabled=1，且无专属来源说明,传奇名+底材精确匹配,https://www.poewiki.net/wiki/Wurm's_Molt,2026-09-03
The Primordial Chain,Coral Amulet,其它掉落,Delve league-specific Uniques can also drop deterministically from certain chests in Delve.,传奇名+底材精确匹配,https://www.poewiki.net/wiki/The_Primordial_Chain,2026-09-03
Uul-Netol's Kiss,Vaal Axe,其它掉落,"Can be obtained from the Genesis Tree using an Ancient Wombgift, Grasping Coffers in Hive Fortresses or Hive Colony, or as a random drop from It That Was Esh and It That Was Tul.",传奇名+底材精确匹配,https://www.poewiki.net/wiki/Uul-Netol's_Kiss,2026-09-03
Twyzel,Sage Wand,普通掉落,Wiki drop_enabled=1，且无专属来源说明,按传奇名回退匹配（底材版本不同）,https://www.poewiki.net/wiki/Twyzel,2026-09-03
Mightflay,Flaying Knife,普通掉落,Wiki drop_enabled=1，且无专属来源说明,传奇名+底材精确匹配,https://www.poewiki.net/wiki/Mightflay,2026-09-03
Titucius' Span,Reinforced Tower Shield,普通掉落,Wiki drop_enabled=1，且无专属来源说明,传奇名+底材精确匹配,https://www.poewiki.net/wiki/Titucius'_Span,2026-09-03
Elevore,Wolf Pelt,普通掉落,Wiki drop_enabled=1，且无专属来源说明,传奇名+底材精确匹配,https://www.poewiki.net/wiki/Elevore,2026-09-03
Edge of Madness,Etched Greatsword,普通掉落,Wiki drop_enabled=1，且无专属来源说明,传奇名+底材精确匹配,https://www.poewiki.net/wiki/Edge_of_Madness,2026-09-03
Replica Veil of the Night,Great Helmet,其它掉落,Replicas can be obtained from Curio Displays in the final reward rooms of any Grand Heist.,传奇名+底材精确匹配,https://www.poewiki.net/wiki/Replica_Veil_of_the_Night,2026-09-03
Veil of the Night,Great Helmet,普通掉落,Wiki drop_enabled=1，且无专属来源说明,传奇名+底材精确匹配,https://www.poewiki.net/wiki/Veil_of_the_Night,2026-09-03
Relentless Fury,Decorative Axe,普通掉落,Wiki drop_enabled=1，且无专属来源说明,传奇名+底材精确匹配,https://www.poewiki.net/wiki/Relentless_Fury,2026-09-03
Esh's Mirror,Vaal Spirit Shield,其它掉落,"Can be obtained from the Genesis Tree using an Ancient Wombgift, Grasping Coffers in Hive Fortresses or Hive Colony, or as a random drop from It That Was Esh and It That Was Tul.",传奇名+底材精确匹配,https://www.poewiki.net/wiki/Esh's_Mirror,2026-09-03
The Aylardex,Agate Amulet,普通掉落,Wiki drop_enabled=1，且无专属来源说明,传奇名+底材精确匹配,https://www.poewiki.net/wiki/The_Aylardex,2026-09-03
Ahkeli's Valley,Ruby Ring,普通掉落,Wiki drop_enabled=1，且无专属来源说明,传奇名+底材精确匹配,https://www.poewiki.net/wiki/Ahkeli's_Valley,2026-09-03
Circle of Anguish,Ruby Ring,普通掉落,Wiki drop_enabled=1，且无专属来源说明,传奇名+底材精确匹配,https://www.poewiki.net/wiki/Circle_of_Anguish_(Fractured),2026-09-03
Doomfletch's Prism,Royal Bow,其它掉落,Wiki drop_enabled!=1；不属于当前普通掉落池,传奇名+底材精确匹配,https://www.poewiki.net/wiki/Doomfletch's_Prism,2026-09-03
The Stormwall,Royal Staff,其它掉落,Wiki drop_enabled!=1；不属于当前普通掉落池,传奇名+底材精确匹配,https://www.poewiki.net/wiki/The_Stormwall,2026-09-03
The Stormheart,Royal Staff,普通掉落,Wiki drop_enabled=1，且无专属来源说明,传奇名+底材精确匹配,https://www.poewiki.net/wiki/The_Stormheart,2026-09-03
Lakishu's Blade,Elegant Sword,普通掉落,Wiki drop_enabled=1，且无专属来源说明,传奇名+底材精确匹配,https://www.poewiki.net/wiki/Lakishu's_Blade,2026-09-03
Viper's Scales,Full Scale Armour,其它掉落,Wiki drop_enabled!=1；不属于当前普通掉落池,传奇名+底材精确匹配,https://www.poewiki.net/wiki/Viper's_Scales,2026-09-03
Leer Cast,Festival Mask,普通掉落,Wiki drop_enabled=1，且无专属来源说明,传奇名+底材精确匹配,https://www.poewiki.net/wiki/Leer_Cast,2026-09-03
Wake of Destruction,Mesh Boots,普通掉落,Wiki drop_enabled=1，且无专属来源说明,传奇名+底材精确匹配,https://www.poewiki.net/wiki/Wake_of_Destruction,2026-09-03
Curtain Call,Plague Mask,普通掉落,Wiki drop_enabled=1，且无专属来源说明,传奇名+底材精确匹配,https://www.poewiki.net/wiki/Curtain_Call,2026-09-03
Honoured Alliance,Coral Ring,其它掉落,Wiki drop_enabled!=1；不属于当前普通掉落池,传奇名+底材精确匹配,https://www.poewiki.net/wiki/Honoured_Alliance,2026-09-03
Rearguard,Blunt Arrow Quiver,普通掉落,Wiki drop_enabled=1，且无专属来源说明,传奇名+底材精确匹配,https://www.poewiki.net/wiki/Rearguard,2026-09-03
Replica Winterheart,Gold Amulet,其它掉落,Replicas can be obtained from Curio Displays in the final reward rooms of any Grand Heist.,传奇名+底材精确匹配,https://www.poewiki.net/wiki/Replica_Winterheart,2026-09-03
Geofri's Devotion,Brass Maul,其它掉落,Wiki drop_enabled!=1；不属于当前普通掉落池,传奇名+底材精确匹配,https://www.poewiki.net/wiki/Geofri's_Devotion,2026-09-03
Queen's Escape,Ornate Sword,其它掉落,Wiki drop_enabled!=1；不属于当前普通掉落池,传奇名+底材精确匹配,https://www.poewiki.net/wiki/Queen's_Escape,2026-09-03
Queen's Decree,Ornate Sword,普通掉落,Wiki drop_enabled=1，且无专属来源说明,传奇名+底材精确匹配,https://www.poewiki.net/wiki/Queen's_Decree,2026-09-03
Geofri's Baptism,Brass Maul,普通掉落,Wiki drop_enabled=1，且无专属来源说明,传奇名+底材精确匹配,https://www.poewiki.net/wiki/Geofri's_Baptism,2026-09-03
Slitherpinch,Bronzescale Gauntlets,普通掉落,Wiki drop_enabled=1，且无专属来源说明,传奇名+底材精确匹配,https://www.poewiki.net/wiki/Slitherpinch,2026-09-03
Sundance,Clasped Boots,普通掉落,Wiki drop_enabled=1，且无专属来源说明,传奇名+底材精确匹配,https://www.poewiki.net/wiki/Sundance,2026-09-03
Valyrium,Moonstone Ring,普通掉落,Wiki drop_enabled=1，且无专属来源说明,传奇名+底材精确匹配,https://www.poewiki.net/wiki/Valyrium,2026-09-03
Thousand Ribbons,Simple Robe,普通掉落,Wiki drop_enabled=1，且无专属来源说明,传奇名+底材精确匹配,https://www.poewiki.net/wiki/Thousand_Ribbons,2026-09-03
Tabula Rasa,Simple Robe,普通掉落,Wiki drop_enabled=1，且无专属来源说明,传奇名+底材精确匹配,https://www.poewiki.net/wiki/Tabula_Rasa,2026-09-03
Lori's Lantern,Prismatic Ring,普通掉落,Wiki drop_enabled=1，且无专属来源说明,传奇名+底材精确匹配,https://www.poewiki.net/wiki/Lori's_Lantern,2026-09-03
Thief's Torment,Prismatic Ring,普通掉落,Wiki drop_enabled=1，且无专属来源说明,传奇名+底材精确匹配,https://www.poewiki.net/wiki/Thief's_Torment,2026-09-03
Ewar's Mirage,Antique Rapier,普通掉落,Wiki drop_enabled=1，且无专属来源说明,传奇名+底材精确匹配,https://www.poewiki.net/wiki/Ewar's_Mirage,2026-09-03
Mark of the Red Covenant,Tribal Circlet,普通掉落,Wiki drop_enabled=1，且无专属来源说明,传奇名+底材精确匹配,https://www.poewiki.net/wiki/Mark_of_the_Red_Covenant,2026-09-03
Coward's Legacy,Chain Belt,普通掉落,Wiki drop_enabled=1，且无专属来源说明,传奇名+底材精确匹配,https://www.poewiki.net/wiki/Coward's_Legacy,2026-09-03
Ngamahu's Sign,Ruby Ring,普通掉落,Wiki drop_enabled=1，且无专属来源说明,传奇名+底材精确匹配,https://www.poewiki.net/wiki/Ngamahu's_Sign,2026-09-03
Hand of Thought and Motion,Imperial Claw,其它掉落,"Can be obtained from the Genesis Tree using an Ancient Wombgift, Grasping Coffers in Hive Fortresses or Hive Colony, or as a random drop from It That Was Esh and It That Was Tul.",传奇名+底材精确匹配,https://www.poewiki.net/wiki/Hand_of_Thought_and_Motion,2026-09-03
The Infinite Pursuit,Titan Greaves,其它掉落,"Can be obtained from the Genesis Tree using an Ancient Wombgift, Grasping Coffers in Hive Fortresses or Hive Colony, or as a random drop from It That Was Esh and It That Was Tul.",传奇名+底材精确匹配,https://www.poewiki.net/wiki/The_Infinite_Pursuit,2026-09-03
Fox's Fortune,Wild Leather,其它掉落,Wiki drop_enabled!=1；不属于当前普通掉落池,传奇名+底材精确匹配,https://www.poewiki.net/wiki/Fox's_Fortune,2026-09-03
Foxshade,Wild Leather,普通掉落,Wiki drop_enabled=1，且无专属来源说明,传奇名+底材精确匹配,https://www.poewiki.net/wiki/Foxshade,2026-09-03
Timetwist,Moonstone Ring,其它掉落,Wiki drop_enabled!=1；不属于当前普通掉落池,传奇名+底材精确匹配,https://www.poewiki.net/wiki/Timetwist,2026-09-03
Ashrend,Buckskin Tunic,普通掉落,Wiki drop_enabled=1，且无专属来源说明,传奇名+底材精确匹配,https://www.poewiki.net/wiki/Ashrend,2026-09-03
Solaris Lorica,Copper Plate,普通掉落,Wiki drop_enabled=1，且无专属来源说明,传奇名+底材精确匹配,https://www.poewiki.net/wiki/Solaris_Lorica,2026-09-03
Malachai's Simula,Iron Mask,普通掉落,Wiki drop_enabled=1，且无专属来源说明,传奇名+底材精确匹配,https://www.poewiki.net/wiki/Malachai's_Simula,2026-09-03
Trolltimber Spire,Cedar Tower Shield,普通掉落,Wiki drop_enabled=1，且无专属来源说明,传奇名+底材精确匹配,https://www.poewiki.net/wiki/Trolltimber_Spire,2026-09-03
Skirmish,Two-Point Arrow Quiver,普通掉落,Wiki drop_enabled=1，且无专属来源说明,传奇名+底材精确匹配,https://www.poewiki.net/wiki/Skirmish,2026-09-03
Widowhail,Crude Bow,普通掉落,Wiki drop_enabled=1，且无专属来源说明,传奇名+底材精确匹配,https://www.poewiki.net/wiki/Widowhail,2026-09-03
Replica Gifts from Above,Diamond Ring,其它掉落,Replicas can be obtained from the Curio Display in the final reward rooms of any Grand Heist.,传奇名+底材精确匹配,https://www.poewiki.net/wiki/Replica_Gifts_from_Above,2026-09-03
Gifts from Above,Diamond Ring,普通掉落,Wiki drop_enabled=1，且无专属来源说明,传奇名+底材精确匹配,https://www.poewiki.net/wiki/Gifts_from_Above,2026-09-03
Putembo's Meadow,Topaz Ring,普通掉落,Wiki drop_enabled=1，且无专属来源说明,传奇名+底材精确匹配,https://www.poewiki.net/wiki/Putembo's_Meadow,2026-09-03
Circle of Regret,Topaz Ring,普通掉落,Wiki drop_enabled=1，且无专属来源说明,传奇名+底材精确匹配,https://www.poewiki.net/wiki/Circle_of_Regret_(Fractured),2026-09-03
Amplification Rod,Spiraled Wand,其它掉落,Wiki drop_enabled!=1；不属于当前普通掉落池,传奇名+底材精确匹配,https://www.poewiki.net/wiki/Amplification_Rod,2026-09-03
Storm Prison,Spiraled Wand,普通掉落,Wiki drop_enabled=1，且无专属来源说明,传奇名+底材精确匹配,https://www.poewiki.net/wiki/Storm_Prison,2026-09-03
Solerai's Radiance,Chain Belt,其它掉落,"Obtained by using a 16x16px|link=|alt=Coin of Restoration Coin of Restoration Stack Size: 10 Restores an Afarud Unique item to its past Maraketh form ""Drain away the sands of Time, restore that which is now mine!"" Right click this item then left click a valid Afarud Unique item to restore it to its Maraketh form. 78x78px|link=|alt=|class=item-icon on 16x16px|link=|alt=Saresh's Darkness Saresh's Darkness Chain Belt Requires Level 24 +(9-20) to maximum Energy Shield +(23-37)...",传奇名+底材精确匹配,https://www.poewiki.net/wiki/Solerai's_Radiance,2026-09-03
Saresh's Darkness,Chain Belt,其它掉落,Drops from Mirage encounters.,传奇名+底材精确匹配,https://www.poewiki.net/wiki/Saresh's_Darkness,2026-09-03
Facebreaker,Strapped Mitts,普通掉落,Wiki drop_enabled=1，且无专属来源说明,传奇名+底材精确匹配,https://www.poewiki.net/wiki/Facebreaker,2026-09-03
Whakatutuki o Matua,Tarnished Spirit Shield,其它掉落,Wiki drop_enabled!=1；不属于当前普通掉落池,传奇名+底材精确匹配,https://www.poewiki.net/wiki/Whakatutuki_o_Matua,2026-09-03
The Peregrine,Visored Sallet,其它掉落,Wiki drop_enabled!=1；不属于当前普通掉落池,传奇名+底材精确匹配,https://www.poewiki.net/wiki/The_Peregrine,2026-09-03
Stormcharger,Plated Greaves,普通掉落,Wiki drop_enabled=1，且无专属来源说明,传奇名+底材精确匹配,https://www.poewiki.net/wiki/Stormcharger,2026-09-03
Giantsbane,Bronze Gauntlets,普通掉落,Wiki drop_enabled=1，且无专属来源说明,传奇名+底材精确匹配,https://www.poewiki.net/wiki/Giantsbane,2026-09-03
Replica Bloodplay,Stiletto,其它掉落,Replicas can be obtained from Curio Displays in the final reward rooms of any Grand Heist.,传奇名+底材精确匹配,https://www.poewiki.net/wiki/Replica_Bloodplay,2026-09-03
Flesh and Spirit,Ironscale Gauntlets,普通掉落,Wiki drop_enabled=1，且无专属来源说明,传奇名+底材精确匹配,https://www.poewiki.net/wiki/Flesh_and_Spirit,2026-09-03
Hyperboreus,Leather Belt,其它掉落,Drops from executed Safehouse leaders in Transportation Safehouses. Only obtainable from Safehouses of area level 78 or higher.,传奇名+底材精确匹配,https://www.poewiki.net/wiki/Hyperboreus,2026-09-03
Survivor's Guilt,Heavy Belt,其它掉落,Exclusive as a reward from Rituals.,传奇名+底材精确匹配,https://www.poewiki.net/wiki/Survivor's_Guilt,2026-09-03
Quecholli,Jagged Maul,普通掉落,Wiki drop_enabled=1，且无专属来源说明,传奇名+底材精确匹配,https://www.poewiki.net/wiki/Quecholli,2026-09-03
Fidelitas' Spike,Jagged Foil,普通掉落,Wiki drop_enabled=1，且无专属来源说明,传奇名+底材精确匹配,https://www.poewiki.net/wiki/Fidelitas'_Spike,2026-09-03
Bones of Ullr,Silk Slippers,普通掉落,Wiki drop_enabled=1，且无专属来源说明,传奇名+底材精确匹配,https://www.poewiki.net/wiki/Bones_of_Ullr,2026-09-03
Deerstalker,Deerskin Boots,普通掉落,Wiki drop_enabled=1，且无专属来源说明,传奇名+底材精确匹配,https://www.poewiki.net/wiki/Deerstalker,2026-09-03
Drillneck,Penetrating Arrow Quiver,普通掉落,Wiki drop_enabled=1，且无专属来源说明,传奇名+底材精确匹配,https://www.poewiki.net/wiki/Drillneck,2026-09-03
Timeclasp,Moonstone Ring,普通掉落,Wiki drop_enabled=1，且无专属来源说明,传奇名+底材精确匹配,https://www.poewiki.net/wiki/Timeclasp,2026-09-03
Grattus Signet,Diamond Ring,普通掉落,Wiki drop_enabled=1，且无专属来源说明,传奇名+底材精确匹配,https://www.poewiki.net/wiki/Grattus_Signet,2026-09-03
Le Heup of All,Iron Ring,普通掉落,Wiki drop_enabled=1，且无专属来源说明,传奇名+底材精确匹配,https://www.poewiki.net/wiki/Le_Heup_of_All,2026-09-03
Replica Tasalio's Sign,Sapphire Ring,其它掉落,Replicas can be obtained from Curio Displays in the final reward rooms of any Grand Heist.,传奇名+底材精确匹配,https://www.poewiki.net/wiki/Replica_Tasalio's_Sign,2026-09-03
Pyre,Sapphire Ring,普通掉落,Wiki drop_enabled=1，且无专属来源说明,传奇名+底材精确匹配,https://www.poewiki.net/wiki/Pyre,2026-09-03
Circle of Fear,Sapphire Ring,普通掉落,Wiki drop_enabled=1，且无专属来源说明,传奇名+底材精确匹配,https://www.poewiki.net/wiki/Circle_of_Fear_(Fractured),2026-09-03
Spine of the First Claimant,Iron Sceptre,其它掉落,Wiki drop_enabled!=1；不属于当前普通掉落池,传奇名+底材精确匹配,https://www.poewiki.net/wiki/Spine_of_the_First_Claimant,2026-09-03
Brightbeak,War Hammer,普通掉落,Wiki drop_enabled=1，且无专属来源说明,传奇名+底材精确匹配,https://www.poewiki.net/wiki/Brightbeak,2026-09-03
Lavianga's Wisdom,War Hammer,普通掉落,Wiki drop_enabled=1，且无专属来源说明,传奇名+底材精确匹配,https://www.poewiki.net/wiki/Lavianga's_Wisdom,2026-09-03
The Tempestuous Steel,War Sword,普通掉落,Wiki drop_enabled=1，且无专属来源说明,传奇名+底材精确匹配,https://www.poewiki.net/wiki/The_Tempestuous_Steel,2026-09-03
Ungil's Gauche,Boot Knife,普通掉落,Wiki drop_enabled=1，且无专属来源说明,传奇名+底材精确匹配,https://www.poewiki.net/wiki/Ungil's_Gauche,2026-09-03
Demigod's Dominance,Golden Mantle,其它掉落,Wiki drop_enabled!=1；不属于当前普通掉落池,传奇名+底材精确匹配,https://www.poewiki.net/wiki/Demigod's_Dominance,2026-09-03
Frostferno,Leather Hood,其它掉落,Wiki drop_enabled!=1；不属于当前普通掉落池,传奇名+底材精确匹配,https://www.poewiki.net/wiki/Frostferno,2026-09-03
The Deep One's Hide,Studded Round Shield,普通掉落,Wiki drop_enabled=1，且无专属来源说明,传奇名+底材精确匹配,https://www.poewiki.net/wiki/The_Deep_One's_Hide,2026-09-03
The Nomad,Studded Belt,其它掉落,Wiki drop_enabled!=1；不属于当前普通掉落池,传奇名+底材精确匹配,https://www.poewiki.net/wiki/The_Nomad,2026-09-03
Ikiaho's Promise,Coral Amulet,普通掉落,Wiki drop_enabled=1，且无专属来源说明,传奇名+底材精确匹配,https://www.poewiki.net/wiki/Ikiaho's_Promise,2026-09-03
Ashcaller,Goat's Horn,普通掉落,Wiki drop_enabled=1，且无专属来源说明,传奇名+底材精确匹配,https://www.poewiki.net/wiki/Ashcaller,2026-09-03
Victario's Flight,Goathide Boots,普通掉落,Wiki drop_enabled=1，且无专属来源说明,传奇名+底材精确匹配,https://www.poewiki.net/wiki/Victario's_Flight,2026-09-03
Tulborn,Opal Wand,其它掉落,"Can be obtained from the Genesis Tree using an Ancient Wombgift, Grasping Coffers in Hive Fortresses or Hive Colony, or as a random drop from It That Was Esh and It That Was Tul.",传奇名+底材精确匹配,https://www.poewiki.net/wiki/Tulborn,2026-09-03
Replica Karui Ward,Jade Amulet,其它掉落,Replicas can be obtained from Curio Displays in the final reward rooms of any Grand Heist.,传奇名+底材精确匹配,https://www.poewiki.net/wiki/Replica_Karui_Ward,2026-09-03
The Warden's Brand,Iron Ring,普通掉落,Wiki drop_enabled=1，且无专属来源说明,传奇名+底材精确匹配,https://www.poewiki.net/wiki/The_Warden's_Brand,2026-09-03
Retaliation Charm,Citrine Amulet,普通掉落,Wiki drop_enabled=1，且无专属来源说明,传奇名+底材精确匹配,https://www.poewiki.net/wiki/Retaliation_Charm,2026-09-03
Ghostwrithe,Silken Vest,普通掉落,Wiki drop_enabled=1，且无专属来源说明,传奇名+底材精确匹配,https://www.poewiki.net/wiki/Ghostwrithe,2026-09-03
Wideswing,Poleaxe,普通掉落,Wiki drop_enabled=1，且无专属来源说明,传奇名+底材精确匹配,https://www.poewiki.net/wiki/Wideswing,2026-09-03
Roth's Reach,Recurve Bow,普通掉落,Wiki drop_enabled=1，且无专属来源说明,传奇名+底材精确匹配,https://www.poewiki.net/wiki/Roth's_Reach,2026-09-03
Duskblight,Ironscale Boots,其它掉落,Wiki drop_enabled!=1；不属于当前普通掉落池,传奇名+底材精确匹配,https://www.poewiki.net/wiki/Duskblight,2026-09-03
Thrillsteel,Barbute Helmet,普通掉落,Wiki drop_enabled=1，且无专属来源说明,传奇名+底材精确匹配,https://www.poewiki.net/wiki/Thrillsteel,2026-09-03
Dusktoe,Ironscale Boots,普通掉落,Wiki drop_enabled=1，且无专属来源说明,传奇名+底材精确匹配,https://www.poewiki.net/wiki/Dusktoe,2026-09-03
Fated End,Paua Ring,其它掉落,Fated End can be obtained from Curio Displays in the final reward rooms of any Grand Heist.,传奇名+底材精确匹配,https://www.poewiki.net/wiki/Fated_End,2026-09-03
Replica Doedre's Damning,Paua Ring,其它掉落,Replicas can be obtained from Curio Displays in the final reward rooms of any Grand Heist.,传奇名+底材精确匹配,https://www.poewiki.net/wiki/Replica_Doedre's_Damning,2026-09-03
Hrimnor's Hymn,Sledgehammer,普通掉落,Wiki drop_enabled=1，且无专属来源说明,传奇名+底材精确匹配,https://www.poewiki.net/wiki/Hrimnor's_Hymn,2026-09-03
Aurumvorax,Basket Rapier,普通掉落,Wiki drop_enabled=1，且无专属来源说明,传奇名+底材精确匹配,https://www.poewiki.net/wiki/Aurumvorax,2026-09-03
Malachai's Awakening,Iron Mask,其它掉落,Wiki drop_enabled!=1；不属于当前普通掉落池,传奇名+底材精确匹配,https://www.poewiki.net/wiki/Malachai's_Awakening,2026-09-03
Kikazaru,Topaz Ring,普通掉落,Wiki drop_enabled=1，且无专属来源说明,传奇名+底材精确匹配,https://www.poewiki.net/wiki/Kikazaru,2026-09-03
Belt of the Deceiver,Heavy Belt,普通掉落,Wiki drop_enabled=1，且无专属来源说明,传奇名+底材精确匹配,https://www.poewiki.net/wiki/Belt_of_the_Deceiver,2026-09-03
Berek's Pass,Two-Stone Ring,普通掉落,Wiki drop_enabled=1，且无专属来源说明,传奇名+底材精确匹配,https://www.poewiki.net/wiki/Berek's_Pass,2026-09-03
Berek's Grip,Two-Stone Ring,普通掉落,Wiki drop_enabled=1，且无专属来源说明,传奇名+底材精确匹配,https://www.poewiki.net/wiki/Berek's_Grip,2026-09-03
Meginord's Girdle,Heavy Belt,普通掉落,Wiki drop_enabled=1，且无专属来源说明,传奇名+底材精确匹配,https://www.poewiki.net/wiki/Meginord's_Girdle,2026-09-03
Tasalio's Sign,Sapphire Ring,普通掉落,Wiki drop_enabled=1，且无专属来源说明,传奇名+底材精确匹配,https://www.poewiki.net/wiki/Tasalio's_Sign,2026-09-03
The Felbog Fang,Citrine Amulet,普通掉落,Wiki drop_enabled=1，且无专属来源说明,传奇名+底材精确匹配,https://www.poewiki.net/wiki/The_Felbog_Fang,2026-09-03
Maligaro's Cruelty,Turquoise Amulet,普通掉落,Wiki drop_enabled=1，且无专属来源说明,传奇名+底材精确匹配,https://www.poewiki.net/wiki/Maligaro's_Cruelty,2026-09-03
Dreadsurge,Cleaver,其它掉落,Wiki drop_enabled!=1；不属于当前普通掉落池,传奇名+底材精确匹配,https://www.poewiki.net/wiki/Dreadsurge,2026-09-03
Dreadarc,Cleaver,普通掉落,Wiki drop_enabled=1，且无专属来源说明,传奇名+底材精确匹配,https://www.poewiki.net/wiki/Dreadarc,2026-09-03
Kaltensoul,Painted Buckler,其它掉落,Wiki drop_enabled!=1；不属于当前普通掉落池,传奇名+底材精确匹配,https://www.poewiki.net/wiki/Kaltensoul,2026-09-03
Nomic's Storm,Strapped Boots,普通掉落,Wiki drop_enabled=1，且无专属来源说明,传奇名+底材精确匹配,https://www.poewiki.net/wiki/Nomic's_Storm,2026-09-03
Kaltenhalt,Painted Buckler,普通掉落,Wiki drop_enabled=1，且无专属来源说明,传奇名+底材精确匹配,https://www.poewiki.net/wiki/Kaltenhalt,2026-09-03
Wreath of Phrecia,Iron Circlet,普通掉落,Wiki drop_enabled=1，且无专属来源说明,传奇名+底材精确匹配,https://www.poewiki.net/wiki/Wreath_of_Phrecia,2026-09-03
Uzaza's Meadow,Sapphire Ring,普通掉落,Wiki drop_enabled=1，且无专属来源说明,传奇名+底材精确匹配,https://www.poewiki.net/wiki/Uzaza's_Meadow,2026-09-03
Xoph's Inception,Citadel Bow,其它掉落,"Can be obtained from the Genesis Tree using an Ancient Wombgift, Grasping Coffers in Hive Fortresses or Hive Colony, or as a random drop from It That Was Esh and It That Was Tul.",传奇名+底材精确匹配,https://www.poewiki.net/wiki/Xoph's_Inception,2026-09-03
Bloodplay,Stiletto,普通掉落,Wiki drop_enabled=1，且无专属来源说明,传奇名+底材精确匹配,https://www.poewiki.net/wiki/Bloodplay,2026-09-03
The Effigon,Gold Amulet,其它掉落,Wiki drop_enabled!=1；不属于当前普通掉落池,传奇名+底材精确匹配,https://www.poewiki.net/wiki/The_Effigon,2026-09-03
The Goddess Bound,Whalebone Rapier,普通掉落,Wiki drop_enabled=1，且无专属来源说明,传奇名+底材精确匹配,https://www.poewiki.net/wiki/The_Goddess_Bound,2026-09-03
Shackles of the Wretched,Chain Gloves,普通掉落,Wiki drop_enabled=1，且无专属来源说明,传奇名+底材精确匹配,https://www.poewiki.net/wiki/Shackles_of_the_Wretched,2026-09-03
Chains of Emancipation,Chain Belt,BOSS掉落,"Chains of Emancipation drops from Friedrich Tarollo, Slave Merchant, the boss of 16x16px|link=|alt=Contract: The Slaver King Contract: The Slaver King Vigilante Contract Client: Whakano Heist Target: Defeat Friedrich Tarollo Area Level: 80 Requires Brute Force (Level 3 ) ""There can be no freedom while hate still reigns."" Give this Contract to Adiyah in the Rogue Harbour to embark on the Heist. 78x78px|link=|alt=|class=item-icon .",传奇名+底材精确匹配,https://www.poewiki.net/wiki/Chains_of_Emancipation,2026-09-03
Circle of Guilt,Iron Ring,BOSS掉落,This item can only drop from a Synthesis boss,传奇名+底材精确匹配,https://www.poewiki.net/wiki/Circle_of_Guilt_(Fractured),2026-09-03
Carnage Heart,Onyx Amulet,普通掉落,Wiki drop_enabled=1，且无专属来源说明,传奇名+底材精确匹配,https://www.poewiki.net/wiki/Carnage_Heart,2026-09-03
Prismweave,Rustic Sash,普通掉落,Wiki drop_enabled=1，且无专属来源说明,传奇名+底材精确匹配,https://www.poewiki.net/wiki/Prismweave,2026-09-03
Pillar of the Caged God,Iron Staff,普通掉落,Wiki drop_enabled=1，且无专属来源说明,传奇名+底材精确匹配,https://www.poewiki.net/wiki/Pillar_of_the_Caged_God,2026-09-03
Realm Ender,Iron Staff,其它掉落,Wiki drop_enabled!=1；不属于当前普通掉落池,传奇名+底材精确匹配,https://www.poewiki.net/wiki/Realm_Ender,2026-09-03
Realmshaper,Iron Staff,普通掉落,Wiki drop_enabled=1，且无专属来源说明,传奇名+底材精确匹配,https://www.poewiki.net/wiki/Realmshaper,2026-09-03
Dying Breath,Iron Staff,普通掉落,Wiki drop_enabled=1，且无专属来源说明,传奇名+底材精确匹配,https://www.poewiki.net/wiki/Dying_Breath,2026-09-03
Limbsplit,Woodsplitter,普通掉落,Wiki drop_enabled=1，且无专属来源说明,传奇名+底材精确匹配,https://www.poewiki.net/wiki/Limbsplit,2026-09-03
Quill Rain,Short Bow,普通掉落,Wiki drop_enabled=1，且无专属来源说明,传奇名+底材精确匹配,https://www.poewiki.net/wiki/Quill_Rain,2026-09-03
Replica Quill Rain,Short Bow,其它掉落,Replicas can be obtained from Curio Displays in the final reward rooms of any Grand Heist.,传奇名+底材精确匹配,https://www.poewiki.net/wiki/Replica_Quill_Rain,2026-09-03
Hand of Wisdom and Action,Imperial Claw,其它掉落,"Can be obtained from the Genesis Tree using an Ancient Wombgift, Grasping Coffers in Hive Fortresses or Hive Colony, or as a random drop from It That Was Esh and It That Was Tul.",传奇名+底材精确匹配,https://www.poewiki.net/wiki/Hand_of_Wisdom_and_Action,2026-09-03
The Red Trail,Titan Greaves,其它掉落,"Can be obtained from the Genesis Tree using an Ancient Wombgift, Grasping Coffers in Hive Fortresses or Hive Colony, or as a random drop from It That Was Esh and It That Was Tul.",传奇名+底材精确匹配,https://www.poewiki.net/wiki/The_Red_Trail,2026-09-03
Ahkeli's Mountain,Ruby Ring,普通掉落,Wiki drop_enabled=1，且无专属来源说明,传奇名+底材精确匹配,https://www.poewiki.net/wiki/Ahkeli's_Mountain,2026-09-03
Mokou's Embrace,Ruby Ring,普通掉落,Wiki drop_enabled=1，且无专属来源说明,传奇名+底材精确匹配,https://www.poewiki.net/wiki/Mokou's_Embrace,2026-09-03
Shiversting,Bastard Sword,普通掉落,Wiki drop_enabled=1，且无专属来源说明,传奇名+底材精确匹配,https://www.poewiki.net/wiki/Shiversting,2026-09-03
Wildslash,Awl,普通掉落,Wiki drop_enabled=1，且无专属来源说明,传奇名+底材精确匹配,https://www.poewiki.net/wiki/Wildslash,2026-09-03
Doedre's Malevolence,Velvet Gloves,其它掉落,Wiki drop_enabled!=1；不属于当前普通掉落池,传奇名+底材精确匹配,https://www.poewiki.net/wiki/Doedre's_Malevolence,2026-09-03
Honourhome,Soldier Helmet,普通掉落,Wiki drop_enabled=1，且无专属来源说明,传奇名+底材精确匹配,https://www.poewiki.net/wiki/Honourhome,2026-09-03
Doedre's Tenure,Velvet Gloves,普通掉落,Wiki drop_enabled=1，且无专属来源说明,传奇名+底材精确匹配,https://www.poewiki.net/wiki/Doedre's_Tenure,2026-09-03
Replica Blood Thorn,Gnarled Branch,其它掉落,Replicas can be obtained from Curio Displays in the final reward rooms of any Grand Heist.,传奇名+底材精确匹配,https://www.poewiki.net/wiki/Replica_Blood_Thorn,2026-09-03
Replica Fencoil,Gnarled Branch,其它掉落,Replicas can be obtained from Curio Displays in the final reward rooms of any Grand Heist.,传奇名+底材精确匹配,https://www.poewiki.net/wiki/Replica_Fencoil,2026-09-03
Replica Last Resort,Nailed Fist,其它掉落,Replicas can be obtained from Curio Displays in the final reward rooms of any Grand Heist.,传奇名+底材精确匹配,https://www.poewiki.net/wiki/Replica_Last_Resort,2026-09-03
Sadima's Touch,Wool Gloves,普通掉落,Wiki drop_enabled=1，且无专属来源说明,传奇名+底材精确匹配,https://www.poewiki.net/wiki/Sadima's_Touch,2026-09-03
Goldrim,Leather Cap,普通掉落,Wiki drop_enabled=1，且无专属来源说明,传奇名+底材精确匹配,https://www.poewiki.net/wiki/Goldrim,2026-09-03
Bated Breath,Chain Belt,普通掉落,Wiki drop_enabled=1，且无专属来源说明,传奇名+底材精确匹配,https://www.poewiki.net/wiki/Bated_Breath,2026-09-03
Praxis,Paua Ring,普通掉落,Wiki drop_enabled=1，且无专属来源说明,传奇名+底材精确匹配,https://www.poewiki.net/wiki/Praxis,2026-09-03
Axiom Perpetuum,Bronze Sceptre,普通掉落,Wiki drop_enabled=1，且无专属来源说明,传奇名+底材精确匹配,https://www.poewiki.net/wiki/Axiom_Perpetuum,2026-09-03
Gorebreaker,Spiked Club,普通掉落,Wiki drop_enabled=1，且无专属来源说明,传奇名+底材精确匹配,https://www.poewiki.net/wiki/Gorebreaker,2026-09-03
The Princess,Sabre,普通掉落,Wiki drop_enabled=1，且无专属来源说明,传奇名+底材精确匹配,https://www.poewiki.net/wiki/The_Princess,2026-09-03
Coward's Chains,Chain Belt,其它掉落,"Coward's Chains can only be obtained from a chest inside Hybridisation Chamber, a tier 3 incursion room.",传奇名+底材精确匹配,https://www.poewiki.net/wiki/Coward's_Chains,2026-09-03
Storm Cloud,Long Bow,普通掉落,Wiki drop_enabled=1，且无专属来源说明,传奇名+底材精确匹配,https://www.poewiki.net/wiki/Storm_Cloud,2026-09-03
Wildwrap,Strapped Leather,其它掉落,Wiki drop_enabled!=1；不属于当前普通掉落池,传奇名+底材精确匹配,https://www.poewiki.net/wiki/Wildwrap,2026-09-03
Hrimburn,Goathide Gloves,其它掉落,Wiki drop_enabled!=1；不属于当前普通掉落池,传奇名+底材精确匹配,https://www.poewiki.net/wiki/Hrimburn,2026-09-03
Greedtrap,Velvet Slippers,其它掉落,Wiki drop_enabled!=1；不属于当前普通掉落池,传奇名+底材精确匹配,https://www.poewiki.net/wiki/Greedtrap,2026-09-03
Hrimsorrow,Goathide Gloves,普通掉落,Wiki drop_enabled=1，且无专属来源说明,传奇名+底材精确匹配,https://www.poewiki.net/wiki/Hrimsorrow,2026-09-03
Wondertrap,Velvet Slippers,普通掉落,Wiki drop_enabled=1，且无专属来源说明,传奇名+底材精确匹配,https://www.poewiki.net/wiki/Wondertrap,2026-09-03
Bramblejack,Plate Vest,普通掉落,Wiki drop_enabled=1，且无专属来源说明,传奇名+底材精确匹配,https://www.poewiki.net/wiki/Bramblejack,2026-09-03
Saemus' Gift,Feathered Arrow Quiver,普通掉落,Wiki drop_enabled=1，且无专属来源说明,传奇名+底材精确匹配,https://www.poewiki.net/wiki/Saemus'_Gift,2026-09-03
Asphyxia's Wrath,Feathered Arrow Quiver,普通掉落,Wiki drop_enabled=1，且无专属来源说明,传奇名+底材精确匹配,https://www.poewiki.net/wiki/Asphyxia's_Wrath,2026-09-03
Daresso's Salute,Citrine Amulet,普通掉落,Wiki drop_enabled=1，且无专属来源说明,传奇名+底材精确匹配,https://www.poewiki.net/wiki/Daresso's_Salute,2026-09-03
Perandus Blazon,Cloth Belt,普通掉落,Wiki drop_enabled=1，且无专属来源说明,传奇名+底材精确匹配,https://www.poewiki.net/wiki/Perandus_Blazon,2026-09-03
Shaper's Seed,Agate Amulet,普通掉落,Wiki drop_enabled=1，且无专属来源说明,传奇名+底材精确匹配,https://www.poewiki.net/wiki/Shaper's_Seed,2026-09-03
Victario's Acuity,Turquoise Amulet,普通掉落,Wiki drop_enabled=1，且无专属来源说明,传奇名+底材精确匹配,https://www.poewiki.net/wiki/Victario's_Acuity,2026-09-03
Extractor Mentis,Agate Amulet,普通掉落,Wiki drop_enabled=1，且无专属来源说明,传奇名+底材精确匹配,https://www.poewiki.net/wiki/Extractor_Mentis,2026-09-03
Putembo's Valley,Topaz Ring,普通掉落,Wiki drop_enabled=1，且无专属来源说明,传奇名+底材精确匹配,https://www.poewiki.net/wiki/Putembo's_Valley,2026-09-03
Asenath's Chant,Iron Circlet,其它掉落,Wiki drop_enabled!=1；不属于当前普通掉落池,传奇名+底材精确匹配,https://www.poewiki.net/wiki/Asenath's_Chant,2026-09-03
Crest of Perandus,Pine Buckler,普通掉落,Wiki drop_enabled=1，且无专属来源说明,传奇名+底材精确匹配,https://www.poewiki.net/wiki/Crest_of_Perandus,2026-09-03
The Oak,Plank Kite Shield,其它掉落,Wiki drop_enabled!=1；不属于当前普通掉落池,传奇名+底材精确匹配,https://www.poewiki.net/wiki/The_Oak,2026-09-03
Springleaf,Plank Kite Shield,普通掉落,Wiki drop_enabled=1，且无专属来源说明,传奇名+底材精确匹配,https://www.poewiki.net/wiki/Springleaf,2026-09-03
Karui Charge,Jade Amulet,其它掉落,Wiki drop_enabled!=1；不属于当前普通掉落池,传奇名+底材精确匹配,https://www.poewiki.net/wiki/Karui_Charge,2026-09-03
Faminebind,Rustic Sash,普通掉落,Wiki drop_enabled=1，且无专属来源说明,传奇名+底材精确匹配,https://www.poewiki.net/wiki/Faminebind,2026-09-03
Tulfall,Opal Wand,其它掉落,"Can be obtained from the Genesis Tree using an Ancient Wombgift, Grasping Coffers in Hive Fortresses or Hive Colony, or as a random drop from It That Was Esh and It That Was Tul.",传奇名+底材精确匹配,https://www.poewiki.net/wiki/Tulfall,2026-09-03
Doryani's Invitation,Heavy Belt,BOSS掉落,Only drops from regular Atziri in the Apex of Sacrifice or Incursion Atziri in the Throne of Atziri (in the Temple of Atzoatl),传奇名+底材精确匹配,https://www.poewiki.net/wiki/Doryani's_Invitation_(Cold_Damage),2026-09-03
Night's Hold,Black Maw Talisman,其它掉落,"Can drop from Spirit Beasts, or randomly obtained through the Beastcrafting recipe requiring The Black Mórrigan that creates a new Talisman.",传奇名+底材精确匹配,https://www.poewiki.net/wiki/Night's_Hold,2026-09-03
Bear's Girdle,Leather Belt,普通掉落,Wiki drop_enabled=1，且无专属来源说明,传奇名+底材精确匹配,https://www.poewiki.net/wiki/Bear's_Girdle,2026-09-03
The Gryphon,Jade Hatchet,其它掉落,Wiki drop_enabled!=1；不属于当前普通掉落池,传奇名+底材精确匹配,https://www.poewiki.net/wiki/The_Gryphon,2026-09-03
The Screaming Eagle,Jade Hatchet,普通掉落,Wiki drop_enabled=1，且无专属来源说明,传奇名+底材精确匹配,https://www.poewiki.net/wiki/The_Screaming_Eagle,2026-09-03
Abberath's Horn,Goat's Horn,普通掉落,Wiki drop_enabled=1，且无专属来源说明,传奇名+底材精确匹配,https://www.poewiki.net/wiki/Abberath's_Horn,2026-09-03
Goredrill,Skinning Knife,普通掉落,Wiki drop_enabled=1，且无专属来源说明,传奇名+底材精确匹配,https://www.poewiki.net/wiki/Goredrill,2026-09-03
Ondar's Clasp,Wrapped Mitts,普通掉落,Wiki drop_enabled=1，且无专属来源说明,传奇名+底材精确匹配,https://www.poewiki.net/wiki/Ondar's_Clasp,2026-09-03
Wheel of the Stormsail,Rotted Round Shield,普通掉落,Wiki drop_enabled=1，且无专属来源说明,传奇名+底材精确匹配,https://www.poewiki.net/wiki/Wheel_of_the_Stormsail,2026-09-03
Skin of the Loyal,Simple Robe,其它掉落,"Can be obtained from the Genesis Tree using an Ancient Wombgift, Grasping Coffers in Hive Fortresses or Hive Colony, or as a random drop from It That Was Esh and It That Was Tul.",传奇名+底材精确匹配,https://www.poewiki.net/wiki/Skin_of_the_Loyal,2026-09-03
Fencoil,Gnarled Branch,普通掉落,Wiki drop_enabled=1，且无专属来源说明,传奇名+底材精确匹配,https://www.poewiki.net/wiki/Fencoil,2026-09-03
The Blood Thorn,Gnarled Branch,普通掉落,Wiki drop_enabled=1，且无专属来源说明,传奇名+底材精确匹配,https://www.poewiki.net/wiki/The_Blood_Thorn,2026-09-03
Kaom's Way,Coral Ring,其它掉落,Wiki drop_enabled!=1；不属于当前普通掉落池,传奇名+底材精确匹配,https://www.poewiki.net/wiki/Kaom's_Way,2026-09-03
The Untouched Soul,Gold Amulet,BOSS掉落,Drops from The King in the Mists in the Crux of Nothingness.,传奇名+底材精确匹配,https://www.poewiki.net/wiki/The_Untouched_Soul,2026-09-03
The Ignomon,Gold Amulet,普通掉落,Wiki drop_enabled=1，且无专属来源说明,传奇名+底材精确匹配,https://www.poewiki.net/wiki/The_Ignomon,2026-09-03
Last Resort,Nailed Fist,普通掉落,Wiki drop_enabled=1，且无专属来源说明,传奇名+底材精确匹配,https://www.poewiki.net/wiki/Last_Resort,2026-09-03
Martyr's Crown,Vine Circlet,其它掉落,Wiki drop_enabled!=1；不属于当前普通掉落池,传奇名+底材精确匹配,https://www.poewiki.net/wiki/Martyr's_Crown,2026-09-03
Crown of Thorns,Vine Circlet,普通掉落,Wiki drop_enabled=1，且无专属来源说明,传奇名+底材精确匹配,https://www.poewiki.net/wiki/Crown_of_Thorns,2026-09-03
Wanderlust,Wool Shoes,普通掉落,Wiki drop_enabled=1，且无专属来源说明,传奇名+底材精确匹配,https://www.poewiki.net/wiki/Wanderlust,2026-09-03
Ngamahu Tiki,Coral Amulet,其它掉落,Wiki drop_enabled!=1；不属于当前普通掉落池,传奇名+底材精确匹配,https://www.poewiki.net/wiki/Ngamahu_Tiki,2026-09-03
Hyrri's Demise,Sharktooth Arrow Quiver,其它掉落,Wiki drop_enabled!=1；不属于当前普通掉落池,传奇名+底材精确匹配,https://www.poewiki.net/wiki/Hyrri's_Demise,2026-09-03
Hyrri's Bite,Sharktooth Arrow Quiver,普通掉落,Wiki drop_enabled=1，且无专属来源说明,传奇名+底材精确匹配,https://www.poewiki.net/wiki/Hyrri's_Bite,2026-09-03
Chain of Endurance,Chain Belt,普通掉落,Wiki drop_enabled=1，且无专属来源说明,传奇名+底材精确匹配,https://www.poewiki.net/wiki/Chain_of_Endurance,2026-09-03
Xoph's Nurture,Citadel Bow,其它掉落,"Can be obtained from the Genesis Tree using an Ancient Wombgift, Grasping Coffers in Hive Fortresses or Hive Colony, or as a random drop from It That Was Esh and It That Was Tul.",传奇名+底材精确匹配,https://www.poewiki.net/wiki/Xoph's_Nurture,2026-09-03
Oni-Goroshi,Charan's Sword,其它掉落,"Oni-Goroshi can only be obtained as a guaranteed drop from Uber Hillock, or by turning in a set of 27 16x16px|link=|alt=Rebirth link=|alt= Rebirth File:Rebirth card art.png 27 16x16px|link=|alt=Charan's Sword 78x78px|link=|alt=|class=item-icon He shattered Her smile Scattered the fragments like ash All she did was laugh 78x78px|link=|alt=|class=item-icon divination cards.",传奇名+底材精确匹配,https://www.poewiki.net/wiki/Oni-Goroshi,2026-09-03
Voidheart,Iron Ring,其它掉落,Wiki drop_enabled!=1；不属于当前普通掉落池,传奇名+底材精确匹配,https://www.poewiki.net/wiki/Voidheart,2026-09-03
Doedre's Damning,Paua Ring,普通掉落,Wiki drop_enabled=1，且无专属来源说明,传奇名+底材精确匹配,https://www.poewiki.net/wiki/Doedre's_Damning,2026-09-03
Dreadbeak,Rusted Sword,其它掉落,Wiki drop_enabled!=1；不属于当前普通掉落池,传奇名+底材精确匹配,https://www.poewiki.net/wiki/Dreadbeak,2026-09-03
Silverbough,Crude Bow,其它掉落,Wiki drop_enabled!=1；不属于当前普通掉落池,传奇名+底材精确匹配,https://www.poewiki.net/wiki/Silverbough,2026-09-03
Silverbranch,Crude Bow,普通掉落,Wiki drop_enabled=1，且无专属来源说明,传奇名+底材精确匹配,https://www.poewiki.net/wiki/Silverbranch,2026-09-03
Lifesprig,Driftwood Wand,普通掉落,Wiki drop_enabled=1，且无专属来源说明,传奇名+底材精确匹配,https://www.poewiki.net/wiki/Lifesprig,2026-09-03
Redbeak,Rusted Sword,普通掉落,Wiki drop_enabled=1，且无专属来源说明,传奇名+底材精确匹配,https://www.poewiki.net/wiki/Redbeak,2026-09-03
Ezomyte Peak,Iron Hat,普通掉落,Wiki drop_enabled=1，且无专属来源说明,传奇名+底材精确匹配,https://www.poewiki.net/wiki/Ezomyte_Peak,2026-09-03
Lochtonial Caress,Iron Gauntlets,普通掉落,Wiki drop_enabled=1，且无专属来源说明,传奇名+底材精确匹配,https://www.poewiki.net/wiki/Lochtonial_Caress,2026-09-03
Kaom's Sign,Coral Ring,普通掉落,Wiki drop_enabled=1，且无专属来源说明,传奇名+底材精确匹配,https://www.poewiki.net/wiki/Kaom's_Sign,2026-09-03
Feastbind,Rustic Sash,普通掉落,Wiki drop_enabled=1，且无专属来源说明,传奇名+底材精确匹配,https://www.poewiki.net/wiki/Feastbind,2026-09-03
Sacrificial Heart,Paua Amulet,BOSS掉落,Can only be obtained from The Vaal Omnitect.,传奇名+底材精确匹配,https://www.poewiki.net/wiki/Sacrificial_Heart,2026-09-03
Replica Prismweave,Rustic Sash,其它掉落,Replicas can be obtained from Curio Displays in the final reward rooms of any Grand Heist.,传奇名+底材精确匹配,https://www.poewiki.net/wiki/Replica_Prismweave,2026-09-03
Karui Ward,Jade Amulet,普通掉落,Wiki drop_enabled=1，且无专属来源说明,传奇名+底材精确匹配,https://www.poewiki.net/wiki/Karui_Ward,2026-09-03
Stone of Lazhwar,Lapis Amulet,普通掉落,Wiki drop_enabled=1，且无专属来源说明,传奇名+底材精确匹配,https://www.poewiki.net/wiki/Stone_of_Lazhwar,2026-09-03
Tear of Purity,Lapis Amulet,普通掉落,Wiki drop_enabled=1，且无专属来源说明,传奇名+底材精确匹配,https://www.poewiki.net/wiki/Tear_of_Purity,2026-09-03
Cragfall,Serrated Arrow Quiver,其它掉落,Cragfall is drop disabled. It can be acquired from existing owners of this item in the permanent leagues,传奇名+底材精确匹配,https://www.poewiki.net/wiki/Cragfall,2026-09-03
Craghead,Serrated Arrow Quiver,普通掉落,Wiki drop_enabled=1，且无专属来源说明,传奇名+底材精确匹配,https://www.poewiki.net/wiki/Craghead,2026-09-03
Sidhebreath,Paua Amulet,普通掉落,Wiki drop_enabled=1，且无专属来源说明,传奇名+底材精确匹配,https://www.poewiki.net/wiki/Sidhebreath,2026-09-03
Araku Tiki,Coral Amulet,普通掉落,Wiki drop_enabled=1，且无专属来源说明,传奇名+底材精确匹配,https://www.poewiki.net/wiki/Araku_Tiki,2026-09-03
Blackgleam,Blazing Arrow Quiver,普通掉落,Wiki drop_enabled=1，且无专属来源说明,传奇名+底材精确匹配,https://www.poewiki.net/wiki/Blackgleam,2026-09-03
Blackheart,Iron Ring,普通掉落,Wiki drop_enabled=1，且无专属来源说明,传奇名+底材精确匹配,https://www.poewiki.net/wiki/Blackheart,2026-09-03
Severed in Sleep,Cutlass,其它掉落,"Can be obtained from the Genesis Tree using an Ancient Wombgift, Grasping Coffers in Hive Fortresses or Hive Colony, or as a random drop from It That Was Esh and It That Was Tul.",传奇名+底材精确匹配,https://www.poewiki.net/wiki/Severed_in_Sleep,2026-09-03
